OrderID,Date,Region,Product,Category,Sales,Profit,Quantity
1000,2023-01-01 00:00:00.000000000,Leeds,Chair,Furniture,1078,265,4
1001,2023-01-01 14:36:43.836530442,Liverpool,Monitor,Technology,653,86,1
1002,2023-01-02 05:13:27.673060884,Birmingham,Printer,Office Supplies,731,100,1
1003,2023-01-02 19:50:11.509591326,Leeds,Chair,Furniture,583,143,5
1004,2023-01-03 10:26:55.346121768,Birmingham,Tablet,Technology,1478,193,4
1005,2023-01-04 01:03:39.182652210,Liverpool,Notebook,Office Supplies,887,130,3
1006,2023-01-04 15:40:23.019182652,Manchester,Printer,Office Supplies,694,203,3
1007,2023-01-05 06:17:06.855713094,Liverpool,Printer,Office Supplies,282,42,4
1008,2023-01-05 20:53:50.692243536,London,Chair,Furniture,573,133,5
1009,2023-01-06 11:30:34.528773978,Birmingham,Phone,Technology,395,116,2
1010,2023-01-07 02:07:18.365304420,Manchester,Tablet,Technology,1119,195,1
1011,2023-01-07 16:44:02.201834862,Birmingham,Chair,Furniture,595,61,5
1012,2023-01-08 07:20:46.038365304,Birmingham,Tablet,Technology,1151,171,4
1013,2023-01-08 21:57:29.874895746,Leeds,Tablet,Technology,1146,305,1
1014,2023-01-09 12:34:13.711426188,London,Notebook,Office Supplies,843,230,3
1015,2023-01-10 03:10:57.547956630,Birmingham,Printer,Office Supplies,298,75,2
1016,2023-01-10 17:47:41.384487072,Liverpool,Monitor,Technology,96,11,3
1017,2023-01-11 08:24:25.221017514,Liverpool,Notebook,Office Supplies,1194,309,4
1018,2023-01-11 23:01:09.057547956,Leeds,Notebook,Office Supplies,263,74,1
1019,2023-01-12 13:37:52.894078398,London,Tablet,Technology,288,63,4
1020,2023-01-13 04:14:36.730608840,London,Desk,Furniture,1129,325,1
1021,2023-01-13 18:51:20.567139282,Liverpool,Printer,Office Supplies,399,105,5
1022,2023-01-14 09:28:04.403669724,Manchester,Phone,Technology,156,36,2
1023,2023-01-15 00:04:48.240200166,Leeds,Notebook,Office Supplies,880,189,5
1024,2023-01-15 14:41:32.076730608,Leeds,Monitor,Technology,97,16,5
1025,2023-01-16 05:18:15.913261050,Liverpool,Desk,Furniture,386,50,4
1026,2023-01-16 19:54:59.749791492,Liverpool,Desk,Furniture,1099,242,2
1027,2023-01-17 10:31:43.586321934,Manchester,Phone,Technology,853,139,1
1028,2023-01-18 01:08:27.422852377,Manchester,Notebook,Office Supplies,1330,363,1
1029,2023-01-18 15:45:11.259382819,London,Monitor,Technology,57,17,3
1030,2023-01-19 06:21:55.095913261,Leeds,Printer,Office Supplies,674,168,1
1031,2023-01-19 20:58:38.932443703,Leeds,Laptop,Technology,1326,156,4
1032,2023-01-20 11:35:22.768974145,Liverpool,Monitor,Technology,768,121,5
1033,2023-01-21 02:12:06.605504587,London,Phone,Technology,352,42,5
1034,2023-01-21 16:48:50.442035029,Leeds,Desk,Furniture,688,158,5
1035,2023-01-22 07:25:34.278565471,London,Printer,Office Supplies,105,26,2
1036,2023-01-22 22:02:18.115095913,London,Monitor,Technology,775,220,1
1037,2023-01-23 12:39:01.951626355,Liverpool,Laptop,Technology,575,107,4
1038,2023-01-24 03:15:45.788156797,London,Laptop,Technology,523,146,2
1039,2023-01-24 17:52:29.624687239,Manchester,Tablet,Technology,77,21,3
1040,2023-01-25 08:29:13.461217681,Manchester,Tablet,Technology,127,20,4
1041,2023-01-25 23:05:57.297748123,Birmingham,Chair,Furniture,1289,352,4
1042,2023-01-26 13:42:41.134278565,Liverpool,Phone,Technology,1459,255,4
1043,2023-01-27 04:19:24.970809007,Birmingham,Notebook,Office Supplies,414,65,5
1044,2023-01-27 18:56:08.807339449,Manchester,Monitor,Technology,715,164,4
1045,2023-01-28 09:32:52.643869891,Birmingham,Monitor,Technology,575,95,1
1046,2023-01-29 00:09:36.480400333,Liverpool,Notebook,Office Supplies,748,169,4
1047,2023-01-29 14:46:20.316930775,Liverpool,Chair,Furniture,1385,307,5
1048,2023-01-30 05:23:04.153461217,London,Desk,Furniture,932,198,4
1049,2023-01-30 19:59:47.989991659,Leeds,Desk,Furniture,1080,190,3
1050,2023-01-31 10:36:31.826522101,London,Chair,Furniture,1076,225,3
1051,2023-02-01 01:13:15.663052543,Liverpool,Desk,Furniture,968,212,5
1052,2023-02-01 15:49:59.499582985,Manchester,Tablet,Technology,799,167,1
1053,2023-02-02 06:26:43.336113427,Manchester,Monitor,Technology,412,77,1
1054,2023-02-02 21:03:27.172643869,London,Chair,Furniture,1347,138,2
1055,2023-02-03 11:40:11.009174311,Liverpool,Monitor,Technology,855,185,5
1056,2023-02-04 02:16:54.845704754,Manchester,Notebook,Office Supplies,788,105,4
1057,2023-02-04 16:53:38.682235196,Liverpool,Laptop,Technology,1088,248,5
1058,2023-02-05 07:30:22.518765638,Manchester,Tablet,Technology,1265,318,2
1059,2023-02-05 22:07:06.355296080,Liverpool,Printer,Office Supplies,534,106,5
1060,2023-02-06 12:43:50.191826522,Birmingham,Tablet,Technology,77,16,5
1061,2023-02-07 03:20:34.028356964,Liverpool,Chair,Furniture,763,221,2
1062,2023-02-07 17:57:17.864887406,Liverpool,Printer,Office Supplies,1112,299,1
1063,2023-02-08 08:34:01.701417848,London,Laptop,Technology,1346,380,4
1064,2023-02-08 23:10:45.537948290,Birmingham,Chair,Furniture,1304,342,2
1065,2023-02-09 13:47:29.374478732,Leeds,Phone,Technology,135,16,3
1066,2023-02-10 04:24:13.211009174,London,Monitor,Technology,175,22,1
1067,2023-02-10 19:00:57.047539616,Leeds,Laptop,Technology,861,176,3
1068,2023-02-11 09:37:40.884070058,Manchester,Monitor,Technology,586,87,1
1069,2023-02-12 00:14:24.720600500,Leeds,Desk,Furniture,194,37,4
1070,2023-02-12 14:51:08.557130942,Liverpool,Phone,Technology,1285,229,4
1071,2023-02-13 05:27:52.393661384,Leeds,Phone,Technology,74,15,5
1072,2023-02-13 20:04:36.230191826,London,Laptop,Technology,1467,365,3
1073,2023-02-14 10:41:20.066722268,London,Phone,Technology,116,28,1
1074,2023-02-15 01:18:03.903252710,Leeds,Printer,Office Supplies,282,57,4
1075,2023-02-15 15:54:47.739783152,London,Phone,Technology,158,41,2
1076,2023-02-16 06:31:31.576313594,London,Monitor,Technology,1219,226,4
1077,2023-02-16 21:08:15.412844036,Leeds,Monitor,Technology,160,44,2
1078,2023-02-17 11:44:59.249374478,Birmingham,Chair,Furniture,277,31,1
1079,2023-02-18 02:21:43.085904920,Birmingham,Monitor,Technology,160,46,4
1080,2023-02-18 16:58:26.922435362,Manchester,Chair,Furniture,83,19,4
1081,2023-02-19 07:35:10.758965804,London,Monitor,Technology,672,118,1
1082,2023-02-19 22:11:54.595496246,Leeds,Printer,Office Supplies,1442,201,4
1083,2023-02-20 12:48:38.432026688,London,Notebook,Office Supplies,797,156,2
1084,2023-02-21 03:25:22.268557130,Liverpool,Chair,Furniture,644,89,4
1085,2023-02-21 18:02:06.105087572,London,Tablet,Technology,474,63,3
1086,2023-02-22 08:38:49.941618015,London,Desk,Furniture,662,147,5
1087,2023-02-22 23:15:33.778148457,Birmingham,Laptop,Technology,741,151,2
1088,2023-02-23 13:52:17.614678899,Leeds,Monitor,Technology,1355,317,3
1089,2023-02-24 04:29:01.451209341,London,Phone,Technology,1393,398,1
1090,2023-02-24 19:05:45.287739783,Birmingham,Notebook,Office Supplies,364,75,2
1091,2023-02-25 09:42:29.124270225,Manchester,Monitor,Technology,926,200,5
1092,2023-02-26 00:19:12.960800667,Birmingham,Phone,Technology,1450,170,5
1093,2023-02-26 14:55:56.797331109,Birmingham,Desk,Furniture,1362,331,1
1094,2023-02-27 05:32:40.633861551,Birmingham,Desk,Furniture,711,127,1
1095,2023-02-27 20:09:24.470391993,London,Desk,Furniture,326,96,2
1096,2023-02-28 10:46:08.306922435,London,Phone,Technology,673,178,4
1097,2023-03-01 01:22:52.143452877,Manchester,Monitor,Technology,565,115,1
1098,2023-03-01 15:59:35.979983319,Liverpool,Desk,Furniture,1423,177,4
1099,2023-03-02 06:36:19.816513761,Liverpool,Printer,Office Supplies,892,242,3
1100,2023-03-02 21:13:03.653044203,Liverpool,Chair,Furniture,399,103,5
1101,2023-03-03 11:49:47.489574645,Manchester,Phone,Technology,872,119,4
1102,2023-03-04 02:26:31.326105087,Liverpool,Phone,Technology,1210,192,5
1103,2023-03-04 17:03:15.162635529,Liverpool,Monitor,Technology,808,209,4
1104,2023-03-05 07:39:58.999165971,Birmingham,Phone,Technology,948,129,3
1105,2023-03-05 22:16:42.835696413,London,Phone,Technology,292,82,1
1106,2023-03-06 12:53:26.672226855,London,Desk,Furniture,592,109,3
1107,2023-03-07 03:30:10.508757297,Birmingham,Monitor,Technology,1113,130,1
1108,2023-03-07 18:06:54.345287739,Birmingham,Desk,Furniture,278,73,1
1109,2023-03-08 08:43:38.181818181,Birmingham,Chair,Furniture,597,104,5
1110,2023-03-08 23:20:22.018348623,London,Notebook,Office Supplies,969,198,3
1111,2023-03-09 13:57:05.854879065,Liverpool,Chair,Furniture,1296,158,4
1112,2023-03-10 04:33:49.691409508,Birmingham,Notebook,Office Supplies,55,5,3
1113,2023-03-10 19:10:33.527939950,Manchester,Desk,Furniture,1395,317,5
1114,2023-03-11 09:47:17.364470392,Birmingham,Chair,Furniture,517,104,1
1115,2023-03-12 00:24:01.201000834,Leeds,Monitor,Technology,124,27,5
1116,2023-03-12 15:00:45.037531276,Birmingham,Laptop,Technology,53,13,2
1117,2023-03-13 05:37:28.874061718,London,Desk,Furniture,695,159,2
1118,2023-03-13 20:14:12.710592160,Birmingham,Notebook,Office Supplies,167,22,4
1119,2023-03-14 10:50:56.547122602,Leeds,Printer,Office Supplies,930,160,5
1120,2023-03-15 01:27:40.383653044,Manchester,Notebook,Office Supplies,553,155,4
1121,2023-03-15 16:04:24.220183486,Liverpool,Printer,Office Supplies,996,252,4
1122,2023-03-16 06:41:08.056713928,Birmingham,Phone,Technology,623,131,2
1123,2023-03-16 21:17:51.893244370,Leeds,Chair,Furniture,243,36,4
1124,2023-03-17 11:54:35.729774812,Leeds,Printer,Office Supplies,896,143,2
1125,2023-03-18 02:31:19.566305254,Manchester,Notebook,Office Supplies,764,188,1
1126,2023-03-18 17:08:03.402835696,London,Phone,Technology,1465,395,5
1127,2023-03-19 07:44:47.239366138,Birmingham,Laptop,Technology,1099,257,4
1128,2023-03-19 22:21:31.075896580,Leeds,Monitor,Technology,222,58,2
1129,2023-03-20 12:58:14.912427022,Manchester,Monitor,Technology,1373,347,3
1130,2023-03-21 03:34:58.748957464,Liverpool,Monitor,Technology,375,48,4
1131,2023-03-21 18:11:42.585487906,Leeds,Printer,Office Supplies,1483,274,1
1132,2023-03-22 08:48:26.422018348,Manchester,Laptop,Technology,1191,155,1
1133,2023-03-22 23:25:10.258548790,London,Printer,Office Supplies,885,130,3
1134,2023-03-23 14:01:54.095079232,London,Chair,Furniture,773,211,2
1135,2023-03-24 04:38:37.931609674,Leeds,Printer,Office Supplies,274,53,4
1136,2023-03-24 19:15:21.768140116,Leeds,Laptop,Technology,581,120,2
1137,2023-03-25 09:52:05.604670558,Birmingham,Laptop,Technology,162,21,1
1138,2023-03-26 00:28:49.441201000,Manchester,Chair,Furniture,189,30,2
1139,2023-03-26 15:05:33.277731442,Leeds,Laptop,Technology,608,88,1
1140,2023-03-27 05:42:17.114261884,Birmingham,Notebook,Office Supplies,50,7,2
1141,2023-03-27 20:19:00.950792326,Birmingham,Laptop,Technology,139,31,3
1142,2023-03-28 10:55:44.787322768,Leeds,Monitor,Technology,703,106,5
1143,2023-03-29 01:32:28.623853210,London,Notebook,Office Supplies,369,83,3
1144,2023-03-29 16:09:12.460383652,Manchester,Notebook,Office Supplies,188,20,3
1145,2023-03-30 06:45:56.296914095,Manchester,Chair,Furniture,894,114,5
1146,2023-03-30 21:22:40.133444537,London,Tablet,Technology,308,47,5
1147,2023-03-31 11:59:23.969974979,Leeds,Tablet,Technology,951,208,4
1148,2023-04-01 02:36:07.806505421,Manchester,Laptop,Technology,739,173,4
1149,2023-04-01 17:12:51.643035863,Leeds,Notebook,Office Supplies,59,11,3
1150,2023-04-02 07:49:35.479566305,Leeds,Tablet,Technology,310,58,3
1151,2023-04-02 22:26:19.316096747,Birmingham,Tablet,Technology,221,54,1
1152,2023-04-03 13:03:03.152627189,London,Laptop,Technology,947,97,1
1153,2023-04-04 03:39:46.989157631,Leeds,Tablet,Technology,62,10,4
1154,2023-04-04 18:16:30.825688073,Liverpool,Printer,Office Supplies,1241,327,4
1155,2023-04-05 08:53:14.662218515,London,Phone,Technology,370,81,1
1156,2023-04-05 23:29:58.498748957,Manchester,Chair,Furniture,1392,233,1
1157,2023-04-06 14:06:42.335279399,Birmingham,Phone,Technology,378,106,2
1158,2023-04-07 04:43:26.171809841,Manchester,Laptop,Technology,834,212,2
1159,2023-04-07 19:20:10.008340283,Manchester,Monitor,Technology,826,126,1
1160,2023-04-08 09:56:53.844870725,London,Chair,Furniture,960,219,2
1161,2023-04-09 00:33:37.681401167,Manchester,Laptop,Technology,1492,326,5
1162,2023-04-09 15:10:21.517931609,Leeds,Notebook,Office Supplies,1168,210,4
1163,2023-04-10 05:47:05.354462051,Manchester,Monitor,Technology,367,63,4
1164,2023-04-10 20:23:49.190992493,Birmingham,Phone,Technology,285,48,1
1165,2023-04-11 11:00:33.027522935,Birmingham,Laptop,Technology,383,85,3
1166,2023-04-12 01:37:16.864053377,Liverpool,Notebook,Office Supplies,425,80,1
1167,2023-04-12 16:14:00.700583819,Birmingham,Chair,Furniture,1210,322,2
1168,2023-04-13 06:50:44.537114261,Manchester,Chair,Furniture,637,149,3
1169,2023-04-13 21:27:28.373644703,Birmingham,Desk,Furniture,562,64,2
1170,2023-04-14 12:04:12.210175145,London,Notebook,Office Supplies,1369,312,5
1171,2023-04-15 02:40:56.046705587,Birmingham,Printer,Office Supplies,1393,214,2
1172,2023-04-15 17:17:39.883236030,Leeds,Tablet,Technology,967,211,5
1173,2023-04-16 07:54:23.719766472,London,Monitor,Technology,1422,335,5
1174,2023-04-16 22:31:07.556296914,Liverpool,Notebook,Office Supplies,922,134,2
1175,2023-04-17 13:07:51.392827356,Leeds,Desk,Furniture,1302,249,2
1176,2023-04-18 03:44:35.229357798,Manchester,Tablet,Technology,319,44,5
1177,2023-04-18 18:21:19.065888240,Manchester,Tablet,Technology,847,93,3
1178,2023-04-19 08:58:02.902418682,Manchester,Laptop,Technology,1364,239,5
1179,2023-04-19 23:34:46.738949124,Leeds,Tablet,Technology,774,133,4
1180,2023-04-20 14:11:30.575479566,Leeds,Printer,Office Supplies,1238,370,5
1181,2023-04-21 04:48:14.412010008,Leeds,Chair,Furniture,54,10,3
1182,2023-04-21 19:24:58.248540450,London,Desk,Furniture,900,150,4
1183,2023-04-22 10:01:42.085070892,London,Tablet,Technology,1452,313,1
1184,2023-04-23 00:38:25.921601334,Manchester,Laptop,Technology,127,14,1
1185,2023-04-23 15:15:09.758131776,Birmingham,Printer,Office Supplies,1483,433,3
1186,2023-04-24 05:51:53.594662218,Manchester,Phone,Technology,623,141,5
1187,2023-04-24 20:28:37.431192660,Liverpool,Chair,Furniture,181,45,2
1188,2023-04-25 11:05:21.267723102,London,Chair,Furniture,650,87,3
1189,2023-04-26 01:42:05.104253544,Leeds,Desk,Furniture,1115,202,4
1190,2023-04-26 16:18:48.940783986,London,Chair,Furniture,138,25,4
1191,2023-04-27 06:55:32.777314428,Leeds,Tablet,Technology,451,119,1
1192,2023-04-27 21:32:16.613844870,Liverpool,Laptop,Technology,345,34,4
1193,2023-04-28 12:09:00.450375312,Liverpool,Chair,Furniture,1368,219,3
1194,2023-04-29 02:45:44.286905754,London,Chair,Furniture,665,197,4
1195,2023-04-29 17:22:28.123436196,Leeds,Phone,Technology,849,165,3
1196,2023-04-30 07:59:11.959966638,Liverpool,Phone,Technology,471,83,2
1197,2023-04-30 22:35:55.796497080,Manchester,Monitor,Technology,1096,135,1
1198,2023-05-01 13:12:39.633027522,Manchester,Printer,Office Supplies,624,183,4
1199,2023-05-02 03:49:23.469557964,Leeds,Tablet,Technology,192,19,3
1200,2023-05-02 18:26:07.306088406,London,Chair,Furniture,1042,257,5
1201,2023-05-03 09:02:51.142618848,Liverpool,Notebook,Office Supplies,714,181,1
1202,2023-05-03 23:39:34.979149290,London,Chair,Furniture,194,28,2
1203,2023-05-04 14:16:18.815679732,Manchester,Laptop,Technology,1298,304,3
1204,2023-05-05 04:53:02.652210174,Liverpool,Monitor,Technology,1056,125,2
1205,2023-05-05 19:29:46.488740616,London,Printer,Office Supplies,552,83,2
1206,2023-05-06 10:06:30.325271058,Birmingham,Notebook,Office Supplies,870,224,4
1207,2023-05-07 00:43:14.161801500,Leeds,Monitor,Technology,153,41,4
1208,2023-05-07 15:19:57.998331942,Leeds,Desk,Furniture,1112,246,3
1209,2023-05-08 05:56:41.834862384,Birmingham,Printer,Office Supplies,247,49,5
1210,2023-05-08 20:33:25.671392826,Manchester,Chair,Furniture,628,82,3
1211,2023-05-09 11:10:09.507923268,Liverpool,Chair,Furniture,440,49,5
1212,2023-05-10 01:46:53.344453710,Leeds,Printer,Office Supplies,1252,154,2
1213,2023-05-10 16:23:37.180984152,Birmingham,Chair,Furniture,603,87,1
1214,2023-05-11 07:00:21.017514594,Birmingham,Tablet,Technology,1088,183,3
1215,2023-05-11 21:37:04.854045036,Manchester,Printer,Office Supplies,1362,239,3
1216,2023-05-12 12:13:48.690575478,Manchester,Monitor,Technology,527,89,5
1217,2023-05-13 02:50:32.527105920,London,Printer,Office Supplies,1304,192,2
1218,2023-05-13 17:27:16.363636362,Leeds,Notebook,Office Supplies,972,196,2
1219,2023-05-14 08:04:00.200166804,London,Chair,Furniture,469,124,5
1220,2023-05-14 22:40:44.036697246,Birmingham,Tablet,Technology,206,32,2
1221,2023-05-15 13:17:27.873227688,Liverpool,Tablet,Technology,599,172,4
1222,2023-05-16 03:54:11.709758130,Liverpool,Desk,Furniture,1170,321,1
1223,2023-05-16 18:30:55.546288572,Manchester,Monitor,Technology,1070,141,3
1224,2023-05-17 09:07:39.382819016,Liverpool,Phone,Technology,1046,269,1
1225,2023-05-17 23:44:23.219349458,Liverpool,Phone,Technology,1484,318,3
1226,2023-05-18 14:21:07.055879900,Liverpool,Printer,Office Supplies,1000,213,4
1227,2023-05-19 04:57:50.892410342,Birmingham,Desk,Furniture,338,60,2
1228,2023-05-19 19:34:34.728940784,Liverpool,Laptop,Technology,1327,265,5
1229,2023-05-20 10:11:18.565471226,Liverpool,Printer,Office Supplies,245,43,4
1230,2023-05-21 00:48:02.402001668,Liverpool,Desk,Furniture,647,134,1
1231,2023-05-21 15:24:46.238532110,London,Monitor,Technology,566,127,5
1232,2023-05-22 06:01:30.075062552,Birmingham,Monitor,Technology,914,214,2
1233,2023-05-22 20:38:13.911592994,Manchester,Monitor,Technology,1191,245,4
1234,2023-05-23 11:14:57.748123436,London,Monitor,Technology,855,208,5
1235,2023-05-24 01:51:41.584653878,Leeds,Monitor,Technology,1232,158,4
1236,2023-05-24 16:28:25.421184320,Birmingham,Desk,Furniture,864,123,4
1237,2023-05-25 07:05:09.257714762,Birmingham,Desk,Furniture,277,73,2
1238,2023-05-25 21:41:53.094245204,Leeds,Tablet,Technology,265,43,3
1239,2023-05-26 12:18:36.930775646,Leeds,Notebook,Office Supplies,997,104,5
1240,2023-05-27 02:55:20.767306088,Leeds,Phone,Technology,64,8,2
1241,2023-05-27 17:32:04.603836530,Manchester,Chair,Furniture,1230,178,4
1242,2023-05-28 08:08:48.440366972,Liverpool,Monitor,Technology,1334,388,2
1243,2023-05-28 22:45:32.276897414,Birmingham,Laptop,Technology,1230,263,3
1244,2023-05-29 13:22:16.113427856,Liverpool,Chair,Furniture,96,27,5
1245,2023-05-30 03:58:59.949958298,Liverpool,Desk,Furniture,373,80,3
1246,2023-05-30 18:35:43.786488740,Leeds,Laptop,Technology,893,174,1
1247,2023-05-31 09:12:27.623019182,Manchester,Laptop,Technology,179,29,5
1248,2023-05-31 23:49:11.459549624,London,Laptop,Technology,1484,328,3
1249,2023-06-01 14:25:55.296080066,Manchester,Tablet,Technology,144,18,4
1250,2023-06-02 05:02:39.132610508,Liverpool,Desk,Furniture,676,189,5
1251,2023-06-02 19:39:22.969140950,Manchester,Laptop,Technology,804,213,5
1252,2023-06-03 10:16:06.805671392,Leeds,Monitor,Technology,1365,223,2
1253,2023-06-04 00:52:50.642201834,London,Printer,Office Supplies,843,244,4
1254,2023-06-04 15:29:34.478732276,Leeds,Laptop,Technology,1356,359,1
1255,2023-06-05 06:06:18.315262718,London,Tablet,Technology,118,27,3
1256,2023-06-05 20:43:02.151793160,Liverpool,Chair,Furniture,60,7,2
1257,2023-06-06 11:19:45.988323602,London,Desk,Furniture,1327,259,3
1258,2023-06-07 01:56:29.824854044,London,Notebook,Office Supplies,921,185,1
1259,2023-06-07 16:33:13.661384486,London,Tablet,Technology,599,87,1
1260,2023-06-08 07:09:57.497914928,Manchester,Laptop,Technology,1207,140,5
1261,2023-06-08 21:46:41.334445370,Manchester,Desk,Furniture,761,194,1
1262,2023-06-09 12:23:25.170975812,Liverpool,Printer,Office Supplies,72,8,3
1263,2023-06-10 03:00:09.007506254,London,Laptop,Technology,864,189,4
1264,2023-06-10 17:36:52.844036696,Birmingham,Tablet,Technology,395,113,4
1265,2023-06-11 08:13:36.680567138,Liverpool,Phone,Technology,351,96,5
1266,2023-06-11 22:50:20.517097580,London,Monitor,Technology,412,64,3
1267,2023-06-12 13:27:04.353628022,London,Notebook,Office Supplies,445,120,3
1268,2023-06-13 04:03:48.190158464,Manchester,Chair,Furniture,267,26,1
1269,2023-06-13 18:40:32.026688906,Liverpool,Tablet,Technology,190,19,3
1270,2023-06-14 09:17:15.863219348,London,Desk,Furniture,1007,222,2
1271,2023-06-14 23:53:59.699749790,London,Notebook,Office Supplies,1283,221,1
1272,2023-06-15 14:30:43.536280232,Liverpool,Notebook,Office Supplies,1034,183,2
1273,2023-06-16 05:07:27.372810674,Birmingham,Notebook,Office Supplies,1042,221,5
1274,2023-06-16 19:44:11.209341116,Liverpool,Laptop,Technology,877,121,4
1275,2023-06-17 10:20:55.045871558,Liverpool,Monitor,Technology,732,104,5
1276,2023-06-18 00:57:38.882402000,Birmingham,Laptop,Technology,1053,207,4
1277,2023-06-18 15:34:22.718932442,Liverpool,Desk,Furniture,405,101,5
1278,2023-06-19 06:11:06.555462884,London,Laptop,Technology,1057,236,3
1279,2023-06-19 20:47:50.391993326,Liverpool,Phone,Technology,1397,222,2
1280,2023-06-20 11:24:34.228523768,Birmingham,Monitor,Technology,1206,224,4
1281,2023-06-21 02:01:18.065054210,Leeds,Monitor,Technology,937,125,1
1282,2023-06-21 16:38:01.901584652,Liverpool,Desk,Furniture,176,20,2
1283,2023-06-22 07:14:45.738115094,Manchester,Chair,Furniture,1179,302,1
1284,2023-06-22 21:51:29.574645536,London,Phone,Technology,1058,161,2
1285,2023-06-23 12:28:13.411175978,London,Tablet,Technology,653,88,2
1286,2023-06-24 03:04:57.247706420,Manchester,Laptop,Technology,1451,345,5
1287,2023-06-24 17:41:41.084236862,Manchester,Printer,Office Supplies,1063,237,4
1288,2023-06-25 08:18:24.920767304,Liverpool,Laptop,Technology,100,22,4
1289,2023-06-25 22:55:08.757297748,Manchester,Notebook,Office Supplies,1102,160,2
1290,2023-06-26 13:31:52.593828190,Leeds,Laptop,Technology,1369,200,3
1291,2023-06-27 04:08:36.430358632,Birmingham,Tablet,Technology,1370,197,3
1292,2023-06-27 18:45:20.266889074,Manchester,Laptop,Technology,828,111,1
1293,2023-06-28 09:22:04.103419516,Manchester,Phone,Technology,1480,342,1
1294,2023-06-28 23:58:47.939949958,Leeds,Phone,Technology,863,232,5
1295,2023-06-29 14:35:31.776480400,London,Monitor,Technology,1478,361,2
1296,2023-06-30 05:12:15.613010842,London,Desk,Furniture,1419,366,1
1297,2023-06-30 19:48:59.449541284,Liverpool,Chair,Furniture,469,84,1
1298,2023-07-01 10:25:43.286071726,Leeds,Printer,Office Supplies,1255,289,2
1299,2023-07-02 01:02:27.122602168,Birmingham,Notebook,Office Supplies,1032,176,5
1300,2023-07-02 15:39:10.959132610,Birmingham,Laptop,Technology,874,179,1
1301,2023-07-03 06:15:54.795663052,Leeds,Laptop,Technology,1074,210,5
1302,2023-07-03 20:52:38.632193494,Birmingham,Tablet,Technology,616,83,4
1303,2023-07-04 11:29:22.468723936,London,Desk,Furniture,420,74,5
1304,2023-07-05 02:06:06.305254378,Birmingham,Phone,Technology,985,288,3
1305,2023-07-05 16:42:50.141784820,Birmingham,Printer,Office Supplies,710,106,3
1306,2023-07-06 07:19:33.978315262,Leeds,Monitor,Technology,1018,129,5
1307,2023-07-06 21:56:17.814845704,Leeds,Phone,Technology,1382,253,3
1308,2023-07-07 12:33:01.651376146,Birmingham,Notebook,Office Supplies,1210,312,4
1309,2023-07-08 03:09:45.487906588,Manchester,Desk,Furniture,251,54,2
1310,2023-07-08 17:46:29.324437030,Leeds,Notebook,Office Supplies,362,85,3
1311,2023-07-09 08:23:13.160967472,Liverpool,Chair,Furniture,166,22,3
1312,2023-07-09 22:59:56.997497914,Liverpool,Monitor,Technology,986,220,5
1313,2023-07-10 13:36:40.834028356,London,Chair,Furniture,624,102,4
1314,2023-07-11 04:13:24.670558798,Birmingham,Tablet,Technology,293,78,2
1315,2023-07-11 18:50:08.507089240,Manchester,Notebook,Office Supplies,586,132,5
1316,2023-07-12 09:26:52.343619682,London,Tablet,Technology,124,17,5
1317,2023-07-13 00:03:36.180150124,Birmingham,Laptop,Technology,435,49,4
1318,2023-07-13 14:40:20.016680566,Leeds,Chair,Furniture,1283,139,2
1319,2023-07-14 05:17:03.853211008,Liverpool,Desk,Furniture,524,91,4
1320,2023-07-14 19:53:47.689741450,Manchester,Notebook,Office Supplies,467,71,2
1321,2023-07-15 10:30:31.526271892,Liverpool,Printer,Office Supplies,396,90,4
1322,2023-07-16 01:07:15.362802334,Leeds,Monitor,Technology,689,137,5
1323,2023-07-16 15:43:59.199332776,Birmingham,Phone,Technology,988,151,5
1324,2023-07-17 06:20:43.035863218,Leeds,Desk,Furniture,1004,130,1
1325,2023-07-17 20:57:26.872393660,Leeds,Desk,Furniture,925,116,3
1326,2023-07-18 11:34:10.708924102,Liverpool,Tablet,Technology,812,221,4
1327,2023-07-19 02:10:54.545454544,Manchester,Chair,Furniture,1252,186,1
1328,2023-07-19 16:47:38.381984986,Leeds,Notebook,Office Supplies,1255,289,3
1329,2023-07-20 07:24:22.218515428,Liverpool,Notebook,Office Supplies,713,186,4
1330,2023-07-20 22:01:06.055045870,Manchester,Laptop,Technology,74,16,2
1331,2023-07-21 12:37:49.891576312,Birmingham,Laptop,Technology,1253,340,3
1332,2023-07-22 03:14:33.728106754,Birmingham,Monitor,Technology,759,135,5
1333,2023-07-22 17:51:17.564637196,London,Tablet,Technology,1234,359,1
1334,2023-07-23 08:28:01.401167638,Liverpool,Desk,Furniture,226,28,3
1335,2023-07-23 23:04:45.237698080,Manchester,Notebook,Office Supplies,334,40,3
1336,2023-07-24 13:41:29.074228522,Leeds,Printer,Office Supplies,112,25,5
1337,2023-07-25 04:18:12.910758964,Birmingham,Tablet,Technology,1052,303,4
1338,2023-07-25 18:54:56.747289406,Manchester,Monitor,Technology,711,186,2
1339,2023-07-26 09:31:40.583819848,Liverpool,Monitor,Technology,715,82,5
1340,2023-07-27 00:08:24.420350290,London,Tablet,Technology,205,31,2
1341,2023-07-27 14:45:08.256880732,Birmingham,Monitor,Technology,1122,320,4
1342,2023-07-28 05:21:52.093411174,Manchester,Tablet,Technology,1016,153,3
1343,2023-07-28 19:58:35.929941616,Manchester,Phone,Technology,898,230,2
1344,2023-07-29 10:35:19.766472060,Manchester,Tablet,Technology,1157,306,1
1345,2023-07-30 01:12:03.603002500,Liverpool,Chair,Furniture,1434,285,1
1346,2023-07-30 15:48:47.439532944,Liverpool,Tablet,Technology,738,130,5
1347,2023-07-31 06:25:31.276063384,Liverpool,Monitor,Technology,197,37,4
1348,2023-07-31 21:02:15.112593828,Leeds,Notebook,Office Supplies,391,56,5
1349,2023-08-01 11:38:58.949124268,Manchester,Chair,Furniture,525,145,5
1350,2023-08-02 02:15:42.785654712,Birmingham,Monitor,Technology,1136,215,5
1351,2023-08-02 16:52:26.622185152,Liverpool,Laptop,Technology,1433,396,1
1352,2023-08-03 07:29:10.458715596,Liverpool,Laptop,Technology,610,73,1
1353,2023-08-03 22:05:54.295246036,Manchester,Notebook,Office Supplies,376,111,5
1354,2023-08-04 12:42:38.131776480,Liverpool,Notebook,Office Supplies,1214,229,1
1355,2023-08-05 03:19:21.968306920,Leeds,Chair,Furniture,1039,113,4
1356,2023-08-05 17:56:05.804837364,Leeds,Phone,Technology,264,28,5
1357,2023-08-06 08:32:49.641367804,Liverpool,Notebook,Office Supplies,484,120,1
1358,2023-08-06 23:09:33.477898248,Manchester,Laptop,Technology,1001,232,2
1359,2023-08-07 13:46:17.314428688,Manchester,Tablet,Technology,772,201,5
1360,2023-08-08 04:23:01.150959132,Manchester,Monitor,Technology,1391,168,5
1361,2023-08-08 18:59:44.987489572,London,Laptop,Technology,81,8,4
1362,2023-08-09 09:36:28.824020016,Liverpool,Laptop,Technology,719,145,3
1363,2023-08-10 00:13:12.660550456,Manchester,Phone,Technology,334,59,3
1364,2023-08-10 14:49:56.497080900,Leeds,Chair,Furniture,1378,265,4
1365,2023-08-11 05:26:40.333611340,Birmingham,Chair,Furniture,478,142,4
1366,2023-08-11 20:03:24.170141784,Birmingham,Desk,Furniture,335,98,4
1367,2023-08-12 10:40:08.006672224,Manchester,Phone,Technology,1217,351,3
1368,2023-08-13 01:16:51.843202668,Birmingham,Tablet,Technology,1497,384,4
1369,2023-08-13 15:53:35.679733108,Birmingham,Chair,Furniture,1092,186,1
1370,2023-08-14 06:30:19.516263552,London,Monitor,Technology,67,12,5
1371,2023-08-14 21:07:03.352793992,Leeds,Notebook,Office Supplies,818,171,5
1372,2023-08-15 11:43:47.189324436,Leeds,Phone,Technology,639,170,2
1373,2023-08-16 02:20:31.025854876,London,Notebook,Office Supplies,1444,164,2
1374,2023-08-16 16:57:14.862385320,London,Laptop,Technology,1248,230,5
1375,2023-08-17 07:33:58.698915760,Birmingham,Monitor,Technology,1059,123,1
1376,2023-08-17 22:10:42.535446204,Liverpool,Monitor,Technology,243,49,3
1377,2023-08-18 12:47:26.371976644,Birmingham,Laptop,Technology,551,154,3
1378,2023-08-19 03:24:10.208507088,London,Phone,Technology,1037,265,1
1379,2023-08-19 18:00:54.045037528,Leeds,Laptop,Technology,1186,172,3
1380,2023-08-20 08:37:37.881567972,Birmingham,Notebook,Office Supplies,163,48,4
1381,2023-08-20 23:14:21.718098412,Liverpool,Desk,Furniture,1295,302,5
1382,2023-08-21 13:51:05.554628856,Birmingham,Monitor,Technology,996,101,5
1383,2023-08-22 04:27:49.391159296,Manchester,Printer,Office Supplies,880,132,1
1384,2023-08-22 19:04:33.227689740,Birmingham,Printer,Office Supplies,1337,203,3
1385,2023-08-23 09:41:17.064220184,London,Notebook,Office Supplies,974,110,2
1386,2023-08-24 00:18:00.900750624,Leeds,Tablet,Technology,104,30,2
1387,2023-08-24 14:54:44.737281068,Leeds,Chair,Furniture,849,166,3
1388,2023-08-25 05:31:28.573811508,London,Laptop,Technology,827,230,2
1389,2023-08-25 20:08:12.410341952,Manchester,Laptop,Technology,211,34,1
1390,2023-08-26 10:44:56.246872392,London,Tablet,Technology,1453,181,1
1391,2023-08-27 01:21:40.083402836,Birmingham,Tablet,Technology,136,26,3
1392,2023-08-27 15:58:23.919933276,London,Notebook,Office Supplies,104,12,2
1393,2023-08-28 06:35:07.756463720,London,Notebook,Office Supplies,1251,246,1
1394,2023-08-28 21:11:51.592994160,Manchester,Tablet,Technology,1464,415,1
1395,2023-08-29 11:48:35.429524604,Birmingham,Monitor,Technology,1422,290,4
1396,2023-08-30 02:25:19.266055044,Liverpool,Notebook,Office Supplies,1081,241,4
1397,2023-08-30 17:02:03.102585488,Liverpool,Desk,Furniture,882,115,1
1398,2023-08-31 07:38:46.939115928,Leeds,Notebook,Office Supplies,362,39,3
1399,2023-08-31 22:15:30.775646372,London,Laptop,Technology,808,98,5
1400,2023-09-01 12:52:14.612176812,Leeds,Notebook,Office Supplies,492,108,5
1401,2023-09-02 03:28:58.448707256,Manchester,Monitor,Technology,377,44,1
1402,2023-09-02 18:05:42.285237696,Liverpool,Tablet,Technology,1127,197,1
1403,2023-09-03 08:42:26.121768140,London,Laptop,Technology,810,170,1
1404,2023-09-03 23:19:09.958298580,Manchester,Notebook,Office Supplies,1312,233,3
1405,2023-09-04 13:55:53.794829024,Manchester,Monitor,Technology,1302,172,4
1406,2023-09-05 04:32:37.631359464,London,Desk,Furniture,628,97,1
1407,2023-09-05 19:09:21.467889908,Manchester,Notebook,Office Supplies,1124,321,1
1408,2023-09-06 09:46:05.304420348,London,Monitor,Technology,1056,248,2
1409,2023-09-07 00:22:49.140950792,London,Desk,Furniture,1337,266,3
1410,2023-09-07 14:59:32.977481232,Birmingham,Tablet,Technology,1491,152,1
1411,2023-09-08 05:36:16.814011676,Leeds,Notebook,Office Supplies,145,43,2
1412,2023-09-08 20:13:00.650542116,Manchester,Desk,Furniture,1161,272,5
1413,2023-09-09 10:49:44.487072560,Manchester,Laptop,Technology,1151,188,1
1414,2023-09-10 01:26:28.323603000,Birmingham,Tablet,Technology,1361,375,1
1415,2023-09-10 16:03:12.160133444,Birmingham,Laptop,Technology,1193,180,2
1416,2023-09-11 06:39:55.996663884,Birmingham,Printer,Office Supplies,863,180,3
1417,2023-09-11 21:16:39.833194328,Liverpool,Phone,Technology,540,122,1
1418,2023-09-12 11:53:23.669724768,Liverpool,Notebook,Office Supplies,501,72,5
1419,2023-09-13 02:30:07.506255212,Liverpool,Desk,Furniture,214,63,1
1420,2023-09-13 17:06:51.342785652,London,Phone,Technology,231,57,5
1421,2023-09-14 07:43:35.179316096,Manchester,Phone,Technology,518,109,4
1422,2023-09-14 22:20:19.015846536,Leeds,Desk,Furniture,959,130,4
1423,2023-09-15 12:57:02.852376980,London,Tablet,Technology,784,86,5
1424,2023-09-16 03:33:46.688907420,Manchester,Notebook,Office Supplies,872,143,3
1425,2023-09-16 18:10:30.525437864,Manchester,Printer,Office Supplies,993,248,1
1426,2023-09-17 08:47:14.361968304,Birmingham,Laptop,Technology,56,8,1
1427,2023-09-17 23:23:58.198498748,Birmingham,Monitor,Technology,379,78,4
1428,2023-09-18 14:00:42.035029188,London,Laptop,Technology,824,202,5
1429,2023-09-19 04:37:25.871559632,Birmingham,Monitor,Technology,200,24,1
1430,2023-09-19 19:14:09.708090072,Manchester,Laptop,Technology,1158,274,1
1431,2023-09-20 09:50:53.544620516,Birmingham,Desk,Furniture,196,23,3
1432,2023-09-21 00:27:37.381150956,Liverpool,Printer,Office Supplies,1454,426,2
1433,2023-09-21 15:04:21.217681400,Birmingham,Notebook,Office Supplies,964,190,4
1434,2023-09-22 05:41:05.054211840,Manchester,Monitor,Technology,1358,176,4
1435,2023-09-22 20:17:48.890742284,London,Notebook,Office Supplies,749,126,2
1436,2023-09-23 10:54:32.727272724,Leeds,Notebook,Office Supplies,131,23,1
1437,2023-09-24 01:31:16.563803168,Birmingham,Notebook,Office Supplies,563,141,3
1438,2023-09-24 16:08:00.400333608,Manchester,Chair,Furniture,864,214,3
1439,2023-09-25 06:44:44.236864052,Leeds,Tablet,Technology,758,168,4
1440,2023-09-25 21:21:28.073394492,Leeds,Laptop,Technology,795,96,3
1441,2023-09-26 11:58:11.909924936,Liverpool,Notebook,Office Supplies,1072,139,2
1442,2023-09-27 02:34:55.746455376,Leeds,Laptop,Technology,1459,173,1
1443,2023-09-27 17:11:39.582985820,Manchester,Notebook,Office Supplies,756,162,2
1444,2023-09-28 07:48:23.419516260,Manchester,Monitor,Technology,520,143,5
1445,2023-09-28 22:25:07.256046704,Birmingham,Tablet,Technology,1192,222,4
1446,2023-09-29 13:01:51.092577144,Birmingham,Tablet,Technology,445,58,3
1447,2023-09-30 03:38:34.929107588,Birmingham,Desk,Furniture,310,65,5
1448,2023-09-30 18:15:18.765638032,Leeds,Chair,Furniture,854,224,3
1449,2023-10-01 08:52:02.602168472,Leeds,Desk,Furniture,983,244,1
1450,2023-10-01 23:28:46.438698916,Liverpool,Desk,Furniture,1329,367,1
1451,2023-10-02 14:05:30.275229356,Birmingham,Desk,Furniture,954,148,1
1452,2023-10-03 04:42:14.111759800,London,Desk,Furniture,1299,180,3
1453,2023-10-03 19:18:57.948290240,Liverpool,Desk,Furniture,1126,310,5
1454,2023-10-04 09:55:41.784820684,London,Printer,Office Supplies,989,228,1
1455,2023-10-05 00:32:25.621351124,Leeds,Tablet,Technology,903,146,5
1456,2023-10-05 15:09:09.457881568,Liverpool,Desk,Furniture,1437,357,3
1457,2023-10-06 05:45:53.294412008,Liverpool,Notebook,Office Supplies,1353,355,5
1458,2023-10-06 20:22:37.130942452,Manchester,Tablet,Technology,642,143,3
1459,2023-10-07 10:59:20.967472892,Leeds,Tablet,Technology,763,181,3
1460,2023-10-08 01:36:04.804003336,Leeds,Phone,Technology,1231,215,4
1461,2023-10-08 16:12:48.640533776,Liverpool,Printer,Office Supplies,681,141,3
1462,2023-10-09 06:49:32.477064220,Leeds,Desk,Furniture,108,22,3
1463,2023-10-09 21:26:16.313594660,Liverpool,Laptop,Technology,177,47,2
1464,2023-10-10 12:03:00.150125104,Manchester,Monitor,Technology,785,210,1
1465,2023-10-11 02:39:43.986655544,Liverpool,Chair,Furniture,770,205,4
1466,2023-10-11 17:16:27.823185988,Leeds,Notebook,Office Supplies,1188,121,4
1467,2023-10-12 07:53:11.659716428,Leeds,Laptop,Technology,1282,320,4
1468,2023-10-12 22:29:55.496246872,Liverpool,Printer,Office Supplies,575,144,2
1469,2023-10-13 13:06:39.332777312,Liverpool,Monitor,Technology,570,134,3
1470,2023-10-14 03:43:23.169307756,Liverpool,Printer,Office Supplies,601,151,1
1471,2023-10-14 18:20:07.005838196,Birmingham,Notebook,Office Supplies,286,76,5
1472,2023-10-15 08:56:50.842368640,Leeds,Tablet,Technology,1354,262,3
1473,2023-10-15 23:33:34.678899080,Leeds,Monitor,Technology,1432,286,2
1474,2023-10-16 14:10:18.515429524,Birmingham,Tablet,Technology,1274,159,3
1475,2023-10-17 04:47:02.351959964,Liverpool,Notebook,Office Supplies,1351,239,3
1476,2023-10-17 19:23:46.188490408,Manchester,Laptop,Technology,1308,299,2
1477,2023-10-18 10:00:30.025020848,Liverpool,Notebook,Office Supplies,543,139,4
1478,2023-10-19 00:37:13.861551292,Liverpool,Laptop,Technology,53,7,4
1479,2023-10-19 15:13:57.698081732,Birmingham,Monitor,Technology,715,91,1
1480,2023-10-20 05:50:41.534612176,Leeds,Monitor,Technology,491,114,1
1481,2023-10-20 20:27:25.371142616,Liverpool,Desk,Furniture,78,7,4
1482,2023-10-21 11:04:09.207673060,Leeds,Printer,Office Supplies,1182,160,5
1483,2023-10-22 01:40:53.044203500,London,Desk,Furniture,659,69,3
1484,2023-10-22 16:17:36.880733944,Leeds,Printer,Office Supplies,854,113,5
1485,2023-10-23 06:54:20.717264384,Manchester,Desk,Furniture,124,16,3
1486,2023-10-23 21:31:04.553794828,Manchester,Tablet,Technology,887,157,4
1487,2023-10-24 12:07:48.390325268,Liverpool,Monitor,Technology,1219,219,1
1488,2023-10-25 02:44:32.226855712,Leeds,Laptop,Technology,177,48,1
1489,2023-10-25 17:21:16.063386152,Liverpool,Printer,Office Supplies,91,18,5
1490,2023-10-26 07:57:59.899916596,Birmingham,Notebook,Office Supplies,1429,349,1
1491,2023-10-26 22:34:43.736447036,Manchester,Printer,Office Supplies,90,10,4
1492,2023-10-27 13:11:27.572977480,Liverpool,Laptop,Technology,983,142,5
1493,2023-10-28 03:48:11.409507920,Birmingham,Desk,Furniture,83,19,3
1494,2023-10-28 18:24:55.246038364,Liverpool,Printer,Office Supplies,1090,120,1
1495,2023-10-29 09:01:39.082568804,Leeds,Chair,Furniture,1226,241,2
1496,2023-10-29 23:38:22.919099248,Leeds,Tablet,Technology,1047,230,1
1497,2023-10-30 14:15:06.755629688,Leeds,Monitor,Technology,1451,319,3
1498,2023-10-31 04:51:50.592160132,Leeds,Laptop,Technology,637,66,5
1499,2023-10-31 19:28:34.428690572,London,Monitor,Technology,391,64,3
1500,2023-11-01 10:05:18.265221016,Birmingham,Chair,Furniture,76,17,2
1501,2023-11-02 00:42:02.101751456,Birmingham,Printer,Office Supplies,1360,176,4
1502,2023-11-02 15:18:45.938281900,Leeds,Printer,Office Supplies,695,166,1
1503,2023-11-03 05:55:29.774812340,London,Notebook,Office Supplies,780,194,5
1504,2023-11-03 20:32:13.611342784,Leeds,Chair,Furniture,217,64,4
1505,2023-11-04 11:08:57.447873224,London,Laptop,Technology,659,93,3
1506,2023-11-05 01:45:41.284403668,Leeds,Notebook,Office Supplies,317,84,5
1507,2023-11-05 16:22:25.120934108,Manchester,Tablet,Technology,870,177,4
1508,2023-11-06 06:59:08.957464552,Manchester,Notebook,Office Supplies,504,88,5
1509,2023-11-06 21:35:52.793994992,Liverpool,Phone,Technology,955,118,2
1510,2023-11-07 12:12:36.630525436,Leeds,Laptop,Technology,1474,364,2
1511,2023-11-08 02:49:20.467055876,Birmingham,Phone,Technology,971,142,1
1512,2023-11-08 17:26:04.303586320,Liverpool,Chair,Furniture,1030,179,1
1513,2023-11-09 08:02:48.140116764,Manchester,Desk,Furniture,751,84,2
1514,2023-11-09 22:39:31.976647204,Leeds,Phone,Technology,683,177,5
1515,2023-11-10 13:16:15.813177648,Liverpool,Tablet,Technology,179,45,2
1516,2023-11-11 03:52:59.649708088,Leeds,Notebook,Office Supplies,1069,263,1
1517,2023-11-11 18:29:43.486238532,Manchester,Desk,Furniture,1436,229,2
1518,2023-11-12 09:06:27.322768972,Liverpool,Notebook,Office Supplies,868,116,2
1519,2023-11-12 23:43:11.159299416,Manchester,Phone,Technology,742,168,5
1520,2023-11-13 14:19:54.995829856,London,Notebook,Office Supplies,1365,271,4
1521,2023-11-14 04:56:38.832360300,Manchester,Chair,Furniture,1444,195,1
1522,2023-11-14 19:33:22.668890740,Leeds,Desk,Furniture,843,199,5
1523,2023-11-15 10:10:06.505421184,Birmingham,Chair,Furniture,78,23,2
1524,2023-11-16 00:46:50.341951624,Manchester,Phone,Technology,198,49,2
1525,2023-11-16 15:23:34.178482068,Birmingham,Chair,Furniture,1369,339,4
1526,2023-11-17 06:00:18.015012508,London,Tablet,Technology,60,17,1
1527,2023-11-17 20:37:01.851542952,Liverpool,Phone,Technology,725,101,1
1528,2023-11-18 11:13:45.688073392,Liverpool,Phone,Technology,1186,252,3
1529,2023-11-19 01:50:29.524603836,Birmingham,Phone,Technology,236,69,1
1530,2023-11-19 16:27:13.361134276,Liverpool,Laptop,Technology,856,113,4
1531,2023-11-20 07:03:57.197664720,Manchester,Notebook,Office Supplies,793,190,3
1532,2023-11-20 21:40:41.034195160,Birmingham,Laptop,Technology,1300,282,3
1533,2023-11-21 12:17:24.870725604,Leeds,Laptop,Technology,1383,300,2
1534,2023-11-22 02:54:08.707256044,Manchester,Tablet,Technology,147,35,2
1535,2023-11-22 17:30:52.543786488,Manchester,Desk,Furniture,104,29,1
1536,2023-11-23 08:07:36.380316928,Manchester,Notebook,Office Supplies,672,172,3
1537,2023-11-23 22:44:20.216847372,Leeds,Chair,Furniture,713,79,2
1538,2023-11-24 13:21:04.053377812,London,Printer,Office Supplies,807,218,4
1539,2023-11-25 03:57:47.889908256,Liverpool,Phone,Technology,455,66,2
1540,2023-11-25 18:34:31.726438696,Birmingham,Chair,Furniture,118,20,2
1541,2023-11-26 09:11:15.562969140,London,Phone,Technology,1385,266,3
1542,2023-11-26 23:47:59.399499580,Birmingham,Tablet,Technology,1362,267,3
1543,2023-11-27 14:24:43.236030024,Liverpool,Phone,Technology,800,149,5
1544,2023-11-28 05:01:27.072560464,Leeds,Laptop,Technology,1221,351,4
1545,2023-11-28 19:38:10.909090908,Manchester,Notebook,Office Supplies,1317,317,3
1546,2023-11-29 10:14:54.745621348,Manchester,Printer,Office Supplies,1007,227,1
1547,2023-11-30 00:51:38.582151792,Leeds,Monitor,Technology,414,45,4
1548,2023-11-30 15:28:22.418682232,London,Phone,Technology,531,149,4
1549,2023-12-01 06:05:06.255212676,London,Chair,Furniture,250,70,3
1550,2023-12-01 20:41:50.091743116,Birmingham,Laptop,Technology,203,51,4
1551,2023-12-02 11:18:33.928273560,Leeds,Monitor,Technology,122,12,3
1552,2023-12-03 01:55:17.764804000,London,Printer,Office Supplies,762,84,2
1553,2023-12-03 16:32:01.601334444,Leeds,Monitor,Technology,345,50,5
1554,2023-12-04 07:08:45.437864884,Liverpool,Laptop,Technology,1090,137,2
1555,2023-12-04 21:45:29.274395328,Manchester,Notebook,Office Supplies,1290,231,3
1556,2023-12-05 12:22:13.110925768,Manchester,Notebook,Office Supplies,110,31,3
1557,2023-12-06 02:58:56.947456212,Manchester,Desk,Furniture,988,192,2
1558,2023-12-06 17:35:40.783986652,Leeds,Notebook,Office Supplies,91,9,1
1559,2023-12-07 08:12:24.620517096,Leeds,Desk,Furniture,74,11,1
1560,2023-12-07 22:49:08.457047536,Birmingham,Monitor,Technology,1112,121,1
1561,2023-12-08 13:25:52.293577980,Manchester,Tablet,Technology,180,19,3
1562,2023-12-09 04:02:36.130108420,Birmingham,Chair,Furniture,1302,201,4
1563,2023-12-09 18:39:19.966638864,Manchester,Chair,Furniture,157,24,3
1564,2023-12-10 09:16:03.803169304,Birmingham,Monitor,Technology,221,56,4
1565,2023-12-10 23:52:47.639699748,Birmingham,Phone,Technology,151,44,2
1566,2023-12-11 14:29:31.476230188,Liverpool,Phone,Technology,915,159,5
1567,2023-12-12 05:06:15.312760632,Birmingham,Notebook,Office Supplies,573,106,4
1568,2023-12-12 19:42:59.149291072,Leeds,Chair,Furniture,324,87,1
1569,2023-12-13 10:19:42.985821516,Birmingham,Chair,Furniture,1117,171,3
1570,2023-12-14 00:56:26.822351956,Manchester,Desk,Furniture,866,113,2
1571,2023-12-14 15:33:10.658882400,Birmingham,Tablet,Technology,1006,272,1
1572,2023-12-15 06:09:54.495412840,London,Laptop,Technology,1090,119,2
1573,2023-12-15 20:46:38.331943284,Manchester,Phone,Technology,379,84,5
1574,2023-12-16 11:23:22.168473724,London,Chair,Furniture,61,12,3
1575,2023-12-17 02:00:06.005004168,Manchester,Desk,Furniture,1391,235,3
1576,2023-12-17 16:36:49.841534608,Leeds,Printer,Office Supplies,265,43,5
1577,2023-12-18 07:13:33.678065052,Leeds,Desk,Furniture,388,98,3
1578,2023-12-18 21:50:17.514595496,Leeds,Phone,Technology,710,83,4
1579,2023-12-19 12:27:01.351125936,London,Phone,Technology,1154,170,2
1580,2023-12-20 03:03:45.187656380,Liverpool,Desk,Furniture,423,104,1
1581,2023-12-20 17:40:29.024186820,Manchester,Laptop,Technology,1025,214,5
1582,2023-12-21 08:17:12.860717264,Leeds,Monitor,Technology,759,95,4
1583,2023-12-21 22:53:56.697247704,Manchester,Phone,Technology,1273,351,1
1584,2023-12-22 13:30:40.533778148,London,Desk,Furniture,515,92,1
1585,2023-12-23 04:07:24.370308588,Liverpool,Chair,Furniture,1162,308,5
1586,2023-12-23 18:44:08.206839032,London,Desk,Furniture,1341,345,4
1587,2023-12-24 09:20:52.043369472,Manchester,Tablet,Technology,538,120,1
1588,2023-12-24 23:57:35.879899916,Liverpool,Monitor,Technology,96,19,1
1589,2023-12-25 14:34:19.716430356,Liverpool,Printer,Office Supplies,1361,402,4
1590,2023-12-26 05:11:03.552960800,London,Laptop,Technology,827,106,3
1591,2023-12-26 19:47:47.389491240,Leeds,Notebook,Office Supplies,1089,266,1
1592,2023-12-27 10:24:31.226021684,Manchester,Printer,Office Supplies,760,105,2
1593,2023-12-28 01:01:15.062552124,Birmingham,Monitor,Technology,450,75,4
1594,2023-12-28 15:37:58.899082568,Birmingham,Monitor,Technology,1030,166,1
1595,2023-12-29 06:14:42.735613008,London,Monitor,Technology,1159,335,5
1596,2023-12-29 20:51:26.572143452,Manchester,Printer,Office Supplies,299,87,2
1597,2023-12-30 11:28:10.408673892,Manchester,Chair,Furniture,440,60,1
1598,2023-12-31 02:04:54.245204336,London,Monitor,Technology,384,40,2
1599,2023-12-31 16:41:38.081734776,Manchester,Desk,Furniture,678,165,2
1600,2024-01-01 07:18:21.918265220,Leeds,Printer,Office Supplies,186,34,3
1601,2024-01-01 21:55:05.754795660,London,Notebook,Office Supplies,932,109,2
1602,2024-01-02 12:31:49.591326104,Leeds,Monitor,Technology,737,174,3
1603,2024-01-03 03:08:33.427856544,Manchester,Desk,Furniture,876,183,4
1604,2024-01-03 17:45:17.264386988,London,Chair,Furniture,776,229,3
1605,2024-01-04 08:22:01.100917428,Manchester,Tablet,Technology,643,93,5
1606,2024-01-04 22:58:44.937447872,London,Chair,Furniture,1296,234,1
1607,2024-01-05 13:35:28.773978312,Manchester,Notebook,Office Supplies,1039,216,4
1608,2024-01-06 04:12:12.610508756,Leeds,Monitor,Technology,421,108,4
1609,2024-01-06 18:48:56.447039196,Leeds,Notebook,Office Supplies,984,206,5
1610,2024-01-07 09:25:40.283569640,Manchester,Printer,Office Supplies,1044,232,3
1611,2024-01-08 00:02:24.120100080,London,Phone,Technology,451,65,1
1612,2024-01-08 14:39:07.956630524,Birmingham,Monitor,Technology,664,178,3
1613,2024-01-09 05:15:51.793160964,Leeds,Phone,Technology,1346,249,2
1614,2024-01-09 19:52:35.629691408,Leeds,Desk,Furniture,1232,157,3
1615,2024-01-10 10:29:19.466221848,Birmingham,Tablet,Technology,1225,285,4
1616,2024-01-11 01:06:03.302752292,Manchester,Laptop,Technology,1044,149,1
1617,2024-01-11 15:42:47.139282732,London,Notebook,Office Supplies,669,79,3
1618,2024-01-12 06:19:30.975813176,Manchester,Chair,Furniture,237,64,1
1619,2024-01-12 20:56:14.812343616,Liverpool,Tablet,Technology,1171,224,1
1620,2024-01-13 11:32:58.648874060,Leeds,Monitor,Technology,180,44,2
1621,2024-01-14 02:09:42.485404500,Liverpool,Phone,Technology,854,135,2
1622,2024-01-14 16:46:26.321934944,Leeds,Chair,Furniture,1244,320,4
1623,2024-01-15 07:23:10.158465384,Leeds,Phone,Technology,985,120,5
1624,2024-01-15 21:59:53.994995828,Liverpool,Printer,Office Supplies,1035,177,1
1625,2024-01-16 12:36:37.831526268,Liverpool,Phone,Technology,232,68,5
1626,2024-01-17 03:13:21.668056712,Manchester,Printer,Office Supplies,1032,267,4
1627,2024-01-17 17:50:05.504587152,Liverpool,Desk,Furniture,413,82,1
1628,2024-01-18 08:26:49.341117596,Manchester,Chair,Furniture,88,14,1
1629,2024-01-18 23:03:33.177648036,Manchester,Chair,Furniture,546,149,5
1630,2024-01-19 13:40:17.014178480,Manchester,Laptop,Technology,1422,297,3
1631,2024-01-20 04:17:00.850708920,Leeds,Monitor,Technology,1031,259,2
1632,2024-01-20 18:53:44.687239364,Leeds,Printer,Office Supplies,970,243,3
1633,2024-01-21 09:30:28.523769804,Liverpool,Laptop,Technology,1470,152,5
1634,2024-01-22 00:07:12.360300248,Leeds,Phone,Technology,771,96,2
1635,2024-01-22 14:43:56.196830688,Liverpool,Phone,Technology,1234,286,3
1636,2024-01-23 05:20:40.033361132,Leeds,Laptop,Technology,65,8,2
1637,2024-01-23 19:57:23.869891572,London,Chair,Furniture,542,81,1
1638,2024-01-24 10:34:07.706422016,London,Phone,Technology,1499,433,3
1639,2024-01-25 01:10:51.542952456,Liverpool,Notebook,Office Supplies,1181,250,2
1640,2024-01-25 15:47:35.379482900,Leeds,Desk,Furniture,943,235,2
1641,2024-01-26 06:24:19.216013344,Leeds,Desk,Furniture,360,76,2
1642,2024-01-26 21:01:03.052543784,Manchester,Notebook,Office Supplies,788,165,3
1643,2024-01-27 11:37:46.889074228,Birmingham,Laptop,Technology,1243,147,4
1644,2024-01-28 02:14:30.725604668,Liverpool,Notebook,Office Supplies,595,100,3
1645,2024-01-28 16:51:14.562135112,Birmingham,Printer,Office Supplies,463,72,5
1646,2024-01-29 07:27:58.398665552,Birmingham,Printer,Office Supplies,300,53,3
1647,2024-01-29 22:04:42.235195996,Liverpool,Laptop,Technology,808,209,2
1648,2024-01-30 12:41:26.071726436,Leeds,Notebook,Office Supplies,1214,211,1
1649,2024-01-31 03:18:09.908256880,Liverpool,Printer,Office Supplies,1347,256,3
1650,2024-01-31 17:54:53.744787320,Birmingham,Chair,Furniture,1489,267,3
1651,2024-02-01 08:31:37.581317764,Leeds,Notebook,Office Supplies,1112,131,2
1652,2024-02-01 23:08:21.417848204,London,Chair,Furniture,863,162,1
1653,2024-02-02 13:45:05.254378648,Liverpool,Printer,Office Supplies,78,10,1
1654,2024-02-03 04:21:49.090909088,Liverpool,Desk,Furniture,1007,138,5
1655,2024-02-03 18:58:32.927439532,Leeds,Printer,Office Supplies,526,62,3
1656,2024-02-04 09:35:16.763969972,London,Chair,Furniture,367,62,1
1657,2024-02-05 00:12:00.600500416,London,Tablet,Technology,294,73,1
1658,2024-02-05 14:48:44.437030856,Leeds,Monitor,Technology,797,123,4
1659,2024-02-06 05:25:28.273561300,Manchester,Phone,Technology,746,121,4
1660,2024-02-06 20:02:12.110091740,Liverpool,Notebook,Office Supplies,321,73,1
1661,2024-02-07 10:38:55.946622184,Liverpool,Tablet,Technology,1312,182,5
1662,2024-02-08 01:15:39.783152624,Birmingham,Printer,Office Supplies,426,119,1
1663,2024-02-08 15:52:23.619683068,Leeds,Desk,Furniture,315,64,2
1664,2024-02-09 06:29:07.456213508,Birmingham,Laptop,Technology,975,184,3
1665,2024-02-09 21:05:51.292743952,Birmingham,Printer,Office Supplies,970,205,5
1666,2024-02-10 11:42:35.129274392,London,Desk,Furniture,1432,190,2
1667,2024-02-11 02:19:18.965804836,Liverpool,Monitor,Technology,389,86,5
1668,2024-02-11 16:56:02.802335276,Birmingham,Printer,Office Supplies,438,75,2
1669,2024-02-12 07:32:46.638865720,London,Chair,Furniture,626,174,3
1670,2024-02-12 22:09:30.475396160,Leeds,Laptop,Technology,52,6,3
1671,2024-02-13 12:46:14.311926604,Birmingham,Desk,Furniture,1215,244,4
1672,2024-02-14 03:22:58.148457044,Liverpool,Desk,Furniture,425,93,2
1673,2024-02-14 17:59:41.984987488,Birmingham,Desk,Furniture,373,39,4
1674,2024-02-15 08:36:25.821517928,Leeds,Monitor,Technology,195,33,2
1675,2024-02-15 23:13:09.658048372,Birmingham,Printer,Office Supplies,342,84,4
1676,2024-02-16 13:49:53.494578812,Liverpool,Monitor,Technology,481,127,3
1677,2024-02-17 04:26:37.331109256,London,Notebook,Office Supplies,754,122,5
1678,2024-02-17 19:03:21.167639696,Liverpool,Phone,Technology,998,259,4
1679,2024-02-18 09:40:05.004170140,London,Phone,Technology,634,186,2
1680,2024-02-19 00:16:48.840700580,Manchester,Notebook,Office Supplies,448,121,2
1681,2024-02-19 14:53:32.677231024,Liverpool,Printer,Office Supplies,866,106,3
1682,2024-02-20 05:30:16.513761464,Liverpool,Chair,Furniture,1417,351,2
1683,2024-02-20 20:07:00.350291908,Leeds,Monitor,Technology,1013,166,1
1684,2024-02-21 10:43:44.186822348,Birmingham,Laptop,Technology,1213,361,5
1685,2024-02-22 01:20:28.023352792,London,Desk,Furniture,236,46,4
1686,2024-02-22 15:57:11.859883232,London,Desk,Furniture,110,13,5
1687,2024-02-23 06:33:55.696413672,Leeds,Printer,Office Supplies,988,242,3
1688,2024-02-23 21:10:39.532944120,Leeds,Chair,Furniture,1453,239,4
1689,2024-02-24 11:47:23.369474560,Birmingham,Phone,Technology,759,227,4
1690,2024-02-25 02:24:07.206005000,Birmingham,Phone,Technology,856,253,1
1691,2024-02-25 17:00:51.042535440,Liverpool,Desk,Furniture,1392,321,3
1692,2024-02-26 07:37:34.879065888,Manchester,Printer,Office Supplies,1375,173,2
1693,2024-02-26 22:14:18.715596328,Birmingham,Monitor,Technology,1417,336,1
1694,2024-02-27 12:51:02.552126768,Leeds,Phone,Technology,60,7,1
1695,2024-02-28 03:27:46.388657208,Birmingham,Monitor,Technology,1135,120,5
1696,2024-02-28 18:04:30.225187656,London,Chair,Furniture,275,72,5
1697,2024-02-29 08:41:14.061718096,Manchester,Phone,Technology,1226,174,5
1698,2024-02-29 23:17:57.898248536,Liverpool,Phone,Technology,613,107,1
1699,2024-03-01 13:54:41.734778976,London,Tablet,Technology,821,241,2
1700,2024-03-02 04:31:25.571309424,London,Phone,Technology,1383,231,4
1701,2024-03-02 19:08:09.407839864,Manchester,Notebook,Office Supplies,934,148,5
1702,2024-03-03 09:44:53.244370304,Liverpool,Laptop,Technology,1316,373,2
1703,2024-03-04 00:21:37.080900744,Leeds,Notebook,Office Supplies,1439,175,3
1704,2024-03-04 14:58:20.917431192,Liverpool,Printer,Office Supplies,1403,353,5
1705,2024-03-05 05:35:04.753961632,Birmingham,Printer,Office Supplies,1180,351,4
1706,2024-03-05 20:11:48.590492072,London,Monitor,Technology,275,77,3
1707,2024-03-06 10:48:32.427022520,Birmingham,Notebook,Office Supplies,874,201,3
1708,2024-03-07 01:25:16.263552960,Leeds,Notebook,Office Supplies,267,43,4
1709,2024-03-07 16:02:00.100083400,Birmingham,Notebook,Office Supplies,986,148,5
1710,2024-03-08 06:38:43.936613840,Liverpool,Chair,Furniture,802,211,1
1711,2024-03-08 21:15:27.773144288,Birmingham,Phone,Technology,555,153,4
1712,2024-03-09 11:52:11.609674728,Leeds,Laptop,Technology,308,63,4
1713,2024-03-10 02:28:55.446205168,Leeds,Monitor,Technology,103,15,4
1714,2024-03-10 17:05:39.282735608,Leeds,Notebook,Office Supplies,1120,137,3
1715,2024-03-11 07:42:23.119266056,Liverpool,Notebook,Office Supplies,776,91,2
1716,2024-03-11 22:19:06.955796496,Leeds,Tablet,Technology,738,179,1
1717,2024-03-12 12:55:50.792326936,London,Monitor,Technology,1172,215,5
1718,2024-03-13 03:32:34.628857376,Leeds,Notebook,Office Supplies,1093,307,5
1719,2024-03-13 18:09:18.465387824,Birmingham,Monitor,Technology,468,116,2
1720,2024-03-14 08:46:02.301918264,Birmingham,Phone,Technology,739,102,4
1721,2024-03-14 23:22:46.138448704,Birmingham,Tablet,Technology,899,200,1
1722,2024-03-15 13:59:29.974979144,Liverpool,Monitor,Technology,111,20,5
1723,2024-03-16 04:36:13.811509592,Birmingham,Laptop,Technology,1218,262,5
1724,2024-03-16 19:12:57.648040032,Liverpool,Laptop,Technology,265,65,4
1725,2024-03-17 09:49:41.484570472,Liverpool,Printer,Office Supplies,52,13,2
1726,2024-03-18 00:26:25.321100912,Leeds,Tablet,Technology,209,56,1
1727,2024-03-18 15:03:09.157631360,London,Tablet,Technology,830,125,2
1728,2024-03-19 05:39:52.994161800,Leeds,Printer,Office Supplies,1193,126,2
1729,2024-03-19 20:16:36.830692240,Leeds,Monitor,Technology,942,233,1
1730,2024-03-20 10:53:20.667222680,Liverpool,Tablet,Technology,1162,140,1
1731,2024-03-21 01:30:04.503753128,Liverpool,Laptop,Technology,378,61,5
1732,2024-03-21 16:06:48.340283568,Birmingham,Laptop,Technology,629,63,5
1733,2024-03-22 06:43:32.176814008,Birmingham,Notebook,Office Supplies,1430,337,1
1734,2024-03-22 21:20:16.013344448,Leeds,Phone,Technology,1340,178,3
1735,2024-03-23 11:56:59.849874896,Manchester,Tablet,Technology,1001,231,5
1736,2024-03-24 02:33:43.686405336,Manchester,Monitor,Technology,1396,416,3
1737,2024-03-24 17:10:27.522935776,Birmingham,Printer,Office Supplies,684,78,1
1738,2024-03-25 07:47:11.359466216,Manchester,Printer,Office Supplies,1037,119,5
1739,2024-03-25 22:23:55.195996664,Birmingham,Monitor,Technology,1268,213,2
1740,2024-03-26 13:00:39.032527104,Liverpool,Chair,Furniture,970,265,1
1741,2024-03-27 03:37:22.869057544,Leeds,Desk,Furniture,787,112,4
1742,2024-03-27 18:14:06.705587984,London,Phone,Technology,1405,241,3
1743,2024-03-28 08:50:50.542118432,Leeds,Printer,Office Supplies,219,24,1
1744,2024-03-28 23:27:34.378648872,Birmingham,Tablet,Technology,570,143,1
1745,2024-03-29 14:04:18.215179312,Birmingham,Phone,Technology,89,16,5
1746,2024-03-30 04:41:02.051709752,Leeds,Tablet,Technology,1334,335,5
1747,2024-03-30 19:17:45.888240200,Birmingham,Chair,Furniture,1468,412,5
1748,2024-03-31 09:54:29.724770640,Manchester,Laptop,Technology,1004,147,4
1749,2024-04-01 00:31:13.561301080,Manchester,Phone,Technology,1299,339,5
1750,2024-04-01 15:07:57.397831520,Birmingham,Notebook,Office Supplies,1033,115,1
1751,2024-04-02 05:44:41.234361968,Birmingham,Printer,Office Supplies,1197,334,5
1752,2024-04-02 20:21:25.070892408,Manchester,Phone,Technology,1024,235,2
1753,2024-04-03 10:58:08.907422848,Birmingham,Phone,Technology,87,23,5
1754,2024-04-04 01:34:52.743953288,Birmingham,Phone,Technology,377,37,4
1755,2024-04-04 16:11:36.580483736,Leeds,Desk,Furniture,1324,177,2
1756,2024-04-05 06:48:20.417014176,London,Phone,Technology,1249,222,1
1757,2024-04-05 21:25:04.253544616,Manchester,Tablet,Technology,963,169,1
1758,2024-04-06 12:01:48.090075056,Leeds,Laptop,Technology,503,73,3
1759,2024-04-07 02:38:31.926605504,London,Chair,Furniture,86,15,2
1760,2024-04-07 17:15:15.763135944,Birmingham,Monitor,Technology,1389,174,3
1761,2024-04-08 07:51:59.599666384,Birmingham,Phone,Technology,1022,186,2
1762,2024-04-08 22:28:43.436196824,Leeds,Printer,Office Supplies,845,220,2
1763,2024-04-09 13:05:27.272727272,Birmingham,Phone,Technology,1022,200,4
1764,2024-04-10 03:42:11.109257712,Liverpool,Printer,Office Supplies,642,66,3
1765,2024-04-10 18:18:54.945788152,Leeds,Tablet,Technology,1187,218,4
1766,2024-04-11 08:55:38.782318592,London,Printer,Office Supplies,1113,117,2
1767,2024-04-11 23:32:22.618849040,Leeds,Notebook,Office Supplies,1374,402,1
1768,2024-04-12 14:09:06.455379480,Manchester,Monitor,Technology,273,34,2
1769,2024-04-13 04:45:50.291909920,Leeds,Laptop,Technology,367,88,4
1770,2024-04-13 19:22:34.128440368,Birmingham,Printer,Office Supplies,398,117,3
1771,2024-04-14 09:59:17.964970808,Birmingham,Printer,Office Supplies,164,43,3
1772,2024-04-15 00:36:01.801501248,Liverpool,Laptop,Technology,747,179,4
1773,2024-04-15 15:12:45.638031688,Liverpool,Monitor,Technology,1396,373,3
1774,2024-04-16 05:49:29.474562136,Liverpool,Phone,Technology,1113,329,5
1775,2024-04-16 20:26:13.311092576,London,Printer,Office Supplies,89,19,1
1776,2024-04-17 11:02:57.147623016,Liverpool,Laptop,Technology,1362,288,1
1777,2024-04-18 01:39:40.984153456,London,Notebook,Office Supplies,1335,301,1
1778,2024-04-18 16:16:24.820683904,Liverpool,Notebook,Office Supplies,265,54,3
1779,2024-04-19 06:53:08.657214344,London,Tablet,Technology,1220,276,3
1780,2024-04-19 21:29:52.493744784,Leeds,Laptop,Technology,385,73,2
1781,2024-04-20 12:06:36.330275224,Leeds,Tablet,Technology,1241,178,2
1782,2024-04-21 02:43:20.166805672,Birmingham,Notebook,Office Supplies,141,17,1
1783,2024-04-21 17:20:04.003336112,London,Monitor,Technology,402,45,5
1784,2024-04-22 07:56:47.839866552,Manchester,Phone,Technology,620,94,2
1785,2024-04-22 22:33:31.676396992,Birmingham,Laptop,Technology,865,94,2
1786,2024-04-23 13:10:15.512927440,Leeds,Chair,Furniture,830,177,3
1787,2024-04-24 03:46:59.349457880,London,Notebook,Office Supplies,412,64,5
1788,2024-04-24 18:23:43.185988320,Liverpool,Notebook,Office Supplies,606,160,1
1789,2024-04-25 09:00:27.022518760,Manchester,Chair,Furniture,1418,162,2
1790,2024-04-25 23:37:10.859049208,Leeds,Desk,Furniture,1243,180,5
1791,2024-04-26 14:13:54.695579648,Birmingham,Notebook,Office Supplies,405,99,5
1792,2024-04-27 04:50:38.532110088,London,Printer,Office Supplies,240,52,1
1793,2024-04-27 19:27:22.368640528,Manchester,Monitor,Technology,471,53,5
1794,2024-04-28 10:04:06.205170976,London,Laptop,Technology,749,206,5
1795,2024-04-29 00:40:50.041701416,Liverpool,Chair,Furniture,56,15,5
1796,2024-04-29 15:17:33.878231856,Birmingham,Printer,Office Supplies,182,30,2
1797,2024-04-30 05:54:17.714762296,London,Chair,Furniture,606,101,1
1798,2024-04-30 20:31:01.551292744,Leeds,Laptop,Technology,875,260,5
1799,2024-05-01 11:07:45.387823184,Birmingham,Tablet,Technology,810,182,5
1800,2024-05-02 01:44:29.224353624,Leeds,Laptop,Technology,1104,227,2
1801,2024-05-02 16:21:13.060884064,London,Desk,Furniture,584,156,1
1802,2024-05-03 06:57:56.897414512,Birmingham,Laptop,Technology,475,74,3
1803,2024-05-03 21:34:40.733944952,Leeds,Laptop,Technology,1467,272,2
1804,2024-05-04 12:11:24.570475392,Liverpool,Desk,Furniture,721,110,1
1805,2024-05-05 02:48:08.407005832,Liverpool,Monitor,Technology,412,106,5
1806,2024-05-05 17:24:52.243536280,London,Notebook,Office Supplies,131,28,1
1807,2024-05-06 08:01:36.080066720,Birmingham,Laptop,Technology,405,93,1
1808,2024-05-06 22:38:19.916597160,Manchester,Desk,Furniture,1331,200,1
1809,2024-05-07 13:15:03.753127600,Birmingham,Printer,Office Supplies,638,91,3
1810,2024-05-08 03:51:47.589658048,Liverpool,Tablet,Technology,344,68,1
1811,2024-05-08 18:28:31.426188488,Leeds,Tablet,Technology,1297,321,3
1812,2024-05-09 09:05:15.262718928,Manchester,Laptop,Technology,1119,229,5
1813,2024-05-09 23:41:59.099249368,London,Monitor,Technology,1186,126,3
1814,2024-05-10 14:18:42.935779816,Manchester,Monitor,Technology,1306,357,5
1815,2024-05-11 04:55:26.772310256,London,Printer,Office Supplies,66,7,5
1816,2024-05-11 19:32:10.608840696,Manchester,Laptop,Technology,409,119,3
1817,2024-05-12 10:08:54.445371136,London,Tablet,Technology,1296,136,2
1818,2024-05-13 00:45:38.281901584,London,Monitor,Technology,915,218,4
1819,2024-05-13 15:22:22.118432024,Manchester,Laptop,Technology,749,87,1
1820,2024-05-14 05:59:05.954962464,Manchester,Chair,Furniture,497,140,4
1821,2024-05-14 20:35:49.791492904,London,Monitor,Technology,905,174,1
1822,2024-05-15 11:12:33.628023352,Liverpool,Desk,Furniture,414,52,1
1823,2024-05-16 01:49:17.464553792,Manchester,Chair,Furniture,724,121,5
1824,2024-05-16 16:26:01.301084232,Birmingham,Notebook,Office Supplies,1057,140,1
1825,2024-05-17 07:02:45.137614672,Leeds,Monitor,Technology,1399,187,1
1826,2024-05-17 21:39:28.974145120,London,Tablet,Technology,516,149,3
1827,2024-05-18 12:16:12.810675560,London,Phone,Technology,463,87,4
1828,2024-05-19 02:52:56.647206000,Leeds,Chair,Furniture,635,163,3
1829,2024-05-19 17:29:40.483736440,Liverpool,Notebook,Office Supplies,1306,297,1
1830,2024-05-20 08:06:24.320266888,Leeds,Printer,Office Supplies,1297,305,5
1831,2024-05-20 22:43:08.156797328,Manchester,Printer,Office Supplies,1043,131,3
1832,2024-05-21 13:19:51.993327768,Leeds,Tablet,Technology,1485,218,3
1833,2024-05-22 03:56:35.829858216,London,Monitor,Technology,621,159,2
1834,2024-05-22 18:33:19.666388656,Leeds,Laptop,Technology,384,112,1
1835,2024-05-23 09:10:03.502919096,Birmingham,Monitor,Technology,1295,197,5
1836,2024-05-23 23:46:47.339449536,Manchester,Tablet,Technology,86,13,3
1837,2024-05-24 14:23:31.175979984,Leeds,Printer,Office Supplies,1038,201,3
1838,2024-05-25 05:00:15.012510424,London,Monitor,Technology,327,97,5
1839,2024-05-25 19:36:58.849040864,Manchester,Printer,Office Supplies,1269,195,1
1840,2024-05-26 10:13:42.685571304,London,Chair,Furniture,965,175,2
1841,2024-05-27 00:50:26.522101752,Liverpool,Notebook,Office Supplies,533,148,3
1842,2024-05-27 15:27:10.358632192,Birmingham,Laptop,Technology,1315,132,2
1843,2024-05-28 06:03:54.195162632,Liverpool,Chair,Furniture,1397,150,4
1844,2024-05-28 20:40:38.031693072,Birmingham,Printer,Office Supplies,780,172,1
1845,2024-05-29 11:17:21.868223520,Leeds,Printer,Office Supplies,241,67,4
1846,2024-05-30 01:54:05.704753960,Manchester,Phone,Technology,1090,161,4
1847,2024-05-30 16:30:49.541284400,Leeds,Phone,Technology,573,111,4
1848,2024-05-31 07:07:33.377814840,Birmingham,Chair,Furniture,967,183,1
1849,2024-05-31 21:44:17.214345288,Birmingham,Desk,Furniture,450,87,1
1850,2024-06-01 12:21:01.050875728,Birmingham,Chair,Furniture,935,209,5
1851,2024-06-02 02:57:44.887406168,London,Phone,Technology,754,146,2
1852,2024-06-02 17:34:28.723936608,Manchester,Printer,Office Supplies,71,13,2
1853,2024-06-03 08:11:12.560467056,Leeds,Tablet,Technology,523,101,5
1854,2024-06-03 22:47:56.396997496,Leeds,Chair,Furniture,1193,260,5
1855,2024-06-04 13:24:40.233527936,Liverpool,Printer,Office Supplies,259,53,4
1856,2024-06-05 04:01:24.070058376,Birmingham,Tablet,Technology,355,96,5
1857,2024-06-05 18:38:07.906588824,Birmingham,Tablet,Technology,1343,147,3
1858,2024-06-06 09:14:51.743119264,Birmingham,Phone,Technology,753,200,2
1859,2024-06-06 23:51:35.579649704,Leeds,Chair,Furniture,736,197,5
1860,2024-06-07 14:28:19.416180144,Liverpool,Monitor,Technology,334,52,3
1861,2024-06-08 05:05:03.252710592,London,Laptop,Technology,765,147,3
1862,2024-06-08 19:41:47.089241032,Manchester,Phone,Technology,812,152,3
1863,2024-06-09 10:18:30.925771472,London,Phone,Technology,1300,186,3
1864,2024-06-10 00:55:14.762301912,Leeds,Monitor,Technology,997,178,4
1865,2024-06-10 15:31:58.598832360,Birmingham,Laptop,Technology,430,46,3
1866,2024-06-11 06:08:42.435362800,Manchester,Printer,Office Supplies,509,79,4
1867,2024-06-11 20:45:26.271893240,Leeds,Desk,Furniture,1080,284,4
1868,2024-06-12 11:22:10.108423680,Leeds,Chair,Furniture,78,12,3
1869,2024-06-13 01:58:53.944954128,Leeds,Desk,Furniture,956,252,2
1870,2024-06-13 16:35:37.781484568,Manchester,Printer,Office Supplies,1106,228,3
1871,2024-06-14 07:12:21.618015008,Manchester,Notebook,Office Supplies,928,256,3
1872,2024-06-14 21:49:05.454545448,Liverpool,Phone,Technology,128,27,3
1873,2024-06-15 12:25:49.291075896,Liverpool,Laptop,Technology,996,105,2
1874,2024-06-16 03:02:33.127606336,London,Phone,Technology,508,119,1
1875,2024-06-16 17:39:16.964136776,Manchester,Tablet,Technology,619,67,1
1876,2024-06-17 08:16:00.800667216,Manchester,Phone,Technology,787,149,4
1877,2024-06-17 22:52:44.637197664,Manchester,Phone,Technology,1358,388,4
1878,2024-06-18 13:29:28.473728104,Liverpool,Printer,Office Supplies,565,75,2
1879,2024-06-19 04:06:12.310258544,Leeds,Printer,Office Supplies,1172,208,5
1880,2024-06-19 18:42:56.146788984,Birmingham,Printer,Office Supplies,446,109,1
1881,2024-06-20 09:19:39.983319432,Liverpool,Desk,Furniture,88,24,4
1882,2024-06-20 23:56:23.819849872,Manchester,Tablet,Technology,1344,314,1
1883,2024-06-21 14:33:07.656380312,Liverpool,Notebook,Office Supplies,936,141,2
1884,2024-06-22 05:09:51.492910752,London,Notebook,Office Supplies,846,198,2
1885,2024-06-22 19:46:35.329441200,Manchester,Printer,Office Supplies,206,32,5
1886,2024-06-23 10:23:19.165971640,London,Laptop,Technology,1148,279,5
1887,2024-06-24 01:00:03.002502080,Manchester,Desk,Furniture,933,271,2
1888,2024-06-24 15:36:46.839032520,Liverpool,Monitor,Technology,1203,293,4
1889,2024-06-25 06:13:30.675562968,Leeds,Laptop,Technology,1023,278,1
1890,2024-06-25 20:50:14.512093408,Birmingham,Chair,Furniture,1157,116,3
1891,2024-06-26 11:26:58.348623848,London,Chair,Furniture,1095,266,5
1892,2024-06-27 02:03:42.185154288,Liverpool,Laptop,Technology,898,238,3
1893,2024-06-27 16:40:26.021684736,Leeds,Printer,Office Supplies,1455,157,4
1894,2024-06-28 07:17:09.858215176,Liverpool,Monitor,Technology,797,218,5
1895,2024-06-28 21:53:53.694745616,London,Monitor,Technology,1038,157,3
1896,2024-06-29 12:30:37.531276064,Birmingham,Desk,Furniture,70,16,4
1897,2024-06-30 03:07:21.367806504,Liverpool,Monitor,Technology,352,91,1
1898,2024-06-30 17:44:05.204336944,Manchester,Chair,Furniture,918,213,4
1899,2024-07-01 08:20:49.040867384,Leeds,Tablet,Technology,133,15,5
1900,2024-07-01 22:57:32.877397832,Liverpool,Printer,Office Supplies,1460,320,2
1901,2024-07-02 13:34:16.713928272,Leeds,Monitor,Technology,1330,279,1
1902,2024-07-03 04:11:00.550458712,Manchester,Desk,Furniture,619,173,3
1903,2024-07-03 18:47:44.386989152,Birmingham,Chair,Furniture,983,177,5
1904,2024-07-04 09:24:28.223519600,Birmingham,Tablet,Technology,1235,202,2
1905,2024-07-05 00:01:12.060050040,Manchester,Phone,Technology,1236,308,4
1906,2024-07-05 14:37:55.896580480,Leeds,Phone,Technology,1058,193,2
1907,2024-07-06 05:14:39.733110920,Liverpool,Tablet,Technology,842,193,5
1908,2024-07-06 19:51:23.569641368,Manchester,Chair,Furniture,841,192,5
1909,2024-07-07 10:28:07.406171808,London,Desk,Furniture,1344,373,2
1910,2024-07-08 01:04:51.242702248,Leeds,Tablet,Technology,541,118,4
1911,2024-07-08 15:41:35.079232688,Birmingham,Printer,Office Supplies,257,51,2
1912,2024-07-09 06:18:18.915763136,Manchester,Printer,Office Supplies,1133,144,5
1913,2024-07-09 20:55:02.752293576,Birmingham,Phone,Technology,479,58,5
1914,2024-07-10 11:31:46.588824016,Leeds,Monitor,Technology,1034,135,3
1915,2024-07-11 02:08:30.425354456,Birmingham,Desk,Furniture,1382,185,3
1916,2024-07-11 16:45:14.261884904,Manchester,Phone,Technology,569,129,1
1917,2024-07-12 07:21:58.098415344,Leeds,Monitor,Technology,640,158,5
1918,2024-07-12 21:58:41.934945784,London,Monitor,Technology,1100,226,3
1919,2024-07-13 12:35:25.771476224,Manchester,Notebook,Office Supplies,248,65,2
1920,2024-07-14 03:12:09.608006672,Liverpool,Printer,Office Supplies,436,130,4
1921,2024-07-14 17:48:53.444537112,Manchester,Chair,Furniture,398,105,2
1922,2024-07-15 08:25:37.281067552,Leeds,Laptop,Technology,1009,241,4
1923,2024-07-15 23:02:21.117597992,Manchester,Chair,Furniture,742,153,3
1924,2024-07-16 13:39:04.954128440,London,Laptop,Technology,427,81,1
1925,2024-07-17 04:15:48.790658880,London,Tablet,Technology,948,110,2
1926,2024-07-17 18:52:32.627189320,Liverpool,Printer,Office Supplies,965,173,2
1927,2024-07-18 09:29:16.463719760,Birmingham,Monitor,Technology,576,162,2
1928,2024-07-19 00:06:00.300250208,Leeds,Desk,Furniture,1226,320,4
1929,2024-07-19 14:42:44.136780648,Leeds,Laptop,Technology,783,112,3
1930,2024-07-20 05:19:27.973311088,Birmingham,Chair,Furniture,255,49,2
1931,2024-07-20 19:56:11.809841528,London,Monitor,Technology,504,132,2
1932,2024-07-21 10:32:55.646371976,London,Laptop,Technology,1346,152,1
1933,2024-07-22 01:09:39.482902416,Manchester,Laptop,Technology,1309,232,1
1934,2024-07-22 15:46:23.319432856,Liverpool,Notebook,Office Supplies,570,154,3
1935,2024-07-23 06:23:07.155963296,Liverpool,Laptop,Technology,1066,192,3
1936,2024-07-23 20:59:50.992493744,Liverpool,Desk,Furniture,1005,116,5
1937,2024-07-24 11:36:34.829024184,Manchester,Printer,Office Supplies,775,161,1
1938,2024-07-25 02:13:18.665554624,Liverpool,Desk,Furniture,1063,289,5
1939,2024-07-25 16:50:02.502085064,Birmingham,Phone,Technology,550,119,4
1940,2024-07-26 07:26:46.338615512,Manchester,Monitor,Technology,166,24,5
1941,2024-07-26 22:03:30.175145952,Birmingham,Printer,Office Supplies,435,76,2
1942,2024-07-27 12:40:14.011676392,Manchester,Notebook,Office Supplies,1417,269,5
1943,2024-07-28 03:16:57.848206832,Liverpool,Printer,Office Supplies,633,136,3
1944,2024-07-28 17:53:41.684737280,Birmingham,Printer,Office Supplies,444,111,4
1945,2024-07-29 08:30:25.521267720,Birmingham,Chair,Furniture,1137,136,2
1946,2024-07-29 23:07:09.357798160,Birmingham,Printer,Office Supplies,770,214,5
1947,2024-07-30 13:43:53.194328600,Manchester,Notebook,Office Supplies,121,12,4
1948,2024-07-31 04:20:37.030859048,Leeds,Desk,Furniture,323,56,4
1949,2024-07-31 18:57:20.867389488,Liverpool,Printer,Office Supplies,1393,146,2
1950,2024-08-01 09:34:04.703919928,Birmingham,Tablet,Technology,387,69,5
1951,2024-08-02 00:10:48.540450368,Leeds,Monitor,Technology,1439,295,4
1952,2024-08-02 14:47:32.376980816,Liverpool,Printer,Office Supplies,656,132,4
1953,2024-08-03 05:24:16.213511256,Liverpool,Monitor,Technology,215,28,1
1954,2024-08-03 20:01:00.050041696,Birmingham,Tablet,Technology,60,13,4
1955,2024-08-04 10:37:43.886572136,Birmingham,Tablet,Technology,1374,149,1
1956,2024-08-05 01:14:27.723102584,Manchester,Monitor,Technology,778,196,5
1957,2024-08-05 15:51:11.559633024,Leeds,Laptop,Technology,850,245,5
1958,2024-08-06 06:27:55.396163464,Leeds,Phone,Technology,151,25,5
1959,2024-08-06 21:04:39.232693904,Birmingham,Chair,Furniture,1498,304,3
1960,2024-08-07 11:41:23.069224352,Liverpool,Laptop,Technology,1465,257,5
1961,2024-08-08 02:18:06.905754792,Birmingham,Laptop,Technology,828,83,4
1962,2024-08-08 16:54:50.742285232,Liverpool,Desk,Furniture,263,46,2
1963,2024-08-09 07:31:34.578815680,Liverpool,Chair,Furniture,1161,299,1
1964,2024-08-09 22:08:18.415346120,Birmingham,Chair,Furniture,450,98,3
1965,2024-08-10 12:45:02.251876560,London,Laptop,Technology,637,76,5
1966,2024-08-11 03:21:46.088407000,Leeds,Printer,Office Supplies,938,252,5
1967,2024-08-11 17:58:29.924937448,Liverpool,Desk,Furniture,1119,230,2
1968,2024-08-12 08:35:13.761467888,Liverpool,Desk,Furniture,641,172,2
1969,2024-08-12 23:11:57.597998328,London,Tablet,Technology,1383,298,3
1970,2024-08-13 13:48:41.434528768,Manchester,Notebook,Office Supplies,1159,245,1
1971,2024-08-14 04:25:25.271059216,London,Chair,Furniture,141,17,5
1972,2024-08-14 19:02:09.107589656,London,Laptop,Technology,722,96,3
1973,2024-08-15 09:38:52.944120096,Liverpool,Tablet,Technology,763,224,4
1974,2024-08-16 00:15:36.780650536,Leeds,Monitor,Technology,985,143,4
1975,2024-08-16 14:52:20.617180984,London,Phone,Technology,291,85,3
1976,2024-08-17 05:29:04.453711424,Manchester,Notebook,Office Supplies,51,10,5
1977,2024-08-17 20:05:48.290241864,Birmingham,Notebook,Office Supplies,274,34,3
1978,2024-08-18 10:42:32.126772304,London,Notebook,Office Supplies,850,101,5
1979,2024-08-19 01:19:15.963302752,London,Desk,Furniture,638,90,2
1980,2024-08-19 15:55:59.799833192,Manchester,Monitor,Technology,165,47,3
1981,2024-08-20 06:32:43.636363632,Leeds,Notebook,Office Supplies,967,176,5
1982,2024-08-20 21:09:27.472894072,London,Monitor,Technology,1176,210,3
1983,2024-08-21 11:46:11.309424520,London,Printer,Office Supplies,243,39,3
1984,2024-08-22 02:22:55.145954960,Leeds,Notebook,Office Supplies,1239,160,5
1985,2024-08-22 16:59:38.982485400,Manchester,Phone,Technology,920,181,5
1986,2024-08-23 07:36:22.819015840,London,Monitor,Technology,139,17,1
1987,2024-08-23 22:13:06.655546288,Leeds,Monitor,Technology,171,45,3
1988,2024-08-24 12:49:50.492076728,London,Phone,Technology,192,33,4
1989,2024-08-25 03:26:34.328607168,Birmingham,Notebook,Office Supplies,1043,182,3
1990,2024-08-25 18:03:18.165137608,Liverpool,Phone,Technology,155,30,3
1991,2024-08-26 08:40:02.001668056,Birmingham,Monitor,Technology,936,176,5
1992,2024-08-26 23:16:45.838198496,London,Phone,Technology,477,142,3
1993,2024-08-27 13:53:29.674728936,Manchester,Monitor,Technology,1378,288,3
1994,2024-08-28 04:30:13.511259376,Liverpool,Monitor,Technology,366,43,4
1995,2024-08-28 19:06:57.347789824,Birmingham,Printer,Office Supplies,684,151,5
1996,2024-08-29 09:43:41.184320264,Leeds,Laptop,Technology,58,7,3
1997,2024-08-30 00:20:25.020850704,Manchester,Monitor,Technology,823,87,2
1998,2024-08-30 14:57:08.857381144,Birmingham,Notebook,Office Supplies,1146,337,1
1999,2024-08-31 05:33:52.693911592,Leeds,Tablet,Technology,1432,364,4
2000,2024-08-31 20:10:36.530442032,London,Desk,Furniture,272,80,3
2001,2024-09-01 10:47:20.366972472,Leeds,Chair,Furniture,1489,291,2
2002,2024-09-02 01:24:04.203502912,Birmingham,Laptop,Technology,602,124,3
2003,2024-09-02 16:00:48.040033360,Birmingham,Laptop,Technology,1443,192,3
2004,2024-09-03 06:37:31.876563800,London,Laptop,Technology,765,114,5
2005,2024-09-03 21:14:15.713094240,Leeds,Printer,Office Supplies,1337,357,5
2006,2024-09-04 11:50:59.549624680,Leeds,Monitor,Technology,1391,238,5
2007,2024-09-05 02:27:43.386155128,London,Printer,Office Supplies,1157,307,2
2008,2024-09-05 17:04:27.222685568,Leeds,Monitor,Technology,1391,336,3
2009,2024-09-06 07:41:11.059216008,London,Notebook,Office Supplies,160,21,1
2010,2024-09-06 22:17:54.895746448,Manchester,Printer,Office Supplies,300,60,4
2011,2024-09-07 12:54:38.732276896,Birmingham,Printer,Office Supplies,432,101,5
2012,2024-09-08 03:31:22.568807336,Manchester,Desk,Furniture,56,8,5
2013,2024-09-08 18:08:06.405337776,Liverpool,Tablet,Technology,508,135,3
2014,2024-09-09 08:44:50.241868216,Liverpool,Printer,Office Supplies,1157,241,3
2015,2024-09-09 23:21:34.078398664,Liverpool,Desk,Furniture,257,34,2
2016,2024-09-10 13:58:17.914929104,London,Phone,Technology,949,205,2
2017,2024-09-11 04:35:01.751459544,Leeds,Tablet,Technology,1463,438,5
2018,2024-09-11 19:11:45.587989984,Manchester,Notebook,Office Supplies,1387,180,3
2019,2024-09-12 09:48:29.424520432,Manchester,Printer,Office Supplies,71,18,1
2020,2024-09-13 00:25:13.261050872,Manchester,Chair,Furniture,459,64,4
2021,2024-09-13 15:01:57.097581312,Manchester,Laptop,Technology,944,242,3
2022,2024-09-14 05:38:40.934111752,Liverpool,Phone,Technology,564,139,3
2023,2024-09-14 20:15:24.770642200,Manchester,Phone,Technology,1200,192,2
2024,2024-09-15 10:52:08.607172640,Leeds,Notebook,Office Supplies,858,141,4
2025,2024-09-16 01:28:52.443703080,Liverpool,Desk,Furniture,923,238,5
2026,2024-09-16 16:05:36.280233528,Manchester,Phone,Technology,63,12,3
2027,2024-09-17 06:42:20.116763968,London,Tablet,Technology,1020,251,5
2028,2024-09-17 21:19:03.953294408,Birmingham,Printer,Office Supplies,1027,133,3
2029,2024-09-18 11:55:47.789824848,Birmingham,Printer,Office Supplies,1063,287,5
2030,2024-09-19 02:32:31.626355296,Birmingham,Chair,Furniture,1085,262,4
2031,2024-09-19 17:09:15.462885736,Liverpool,Notebook,Office Supplies,136,38,2
2032,2024-09-20 07:45:59.299416176,Manchester,Laptop,Technology,958,121,4
2033,2024-09-20 22:22:43.135946616,Liverpool,Desk,Furniture,1374,300,1
2034,2024-09-21 12:59:26.972477064,Leeds,Laptop,Technology,1316,289,2
2035,2024-09-22 03:36:10.809007504,London,Phone,Technology,171,29,4
2036,2024-09-22 18:12:54.645537944,London,Notebook,Office Supplies,1220,233,1
2037,2024-09-23 08:49:38.482068384,Birmingham,Chair,Furniture,799,85,3
2038,2024-09-23 23:26:22.318598832,Birmingham,Laptop,Technology,1429,356,3
2039,2024-09-24 14:03:06.155129272,Birmingham,Tablet,Technology,734,154,5
2040,2024-09-25 04:39:49.991659712,Manchester,Printer,Office Supplies,358,39,2
2041,2024-09-25 19:16:33.828190152,Leeds,Phone,Technology,744,175,3
2042,2024-09-26 09:53:17.664720600,Leeds,Chair,Furniture,337,65,2
2043,2024-09-27 00:30:01.501251040,Leeds,Laptop,Technology,356,38,3
2044,2024-09-27 15:06:45.337781480,Leeds,Desk,Furniture,963,283,5
2045,2024-09-28 05:43:29.174311920,Birmingham,Tablet,Technology,711,206,4
2046,2024-09-28 20:20:13.010842368,London,Tablet,Technology,598,121,5
2047,2024-09-29 10:56:56.847372808,Birmingham,Laptop,Technology,1425,169,1
2048,2024-09-30 01:33:40.683903248,Leeds,Printer,Office Supplies,361,90,3
2049,2024-09-30 16:10:24.520433688,Birmingham,Laptop,Technology,922,182,1
2050,2024-10-01 06:47:08.356964136,Leeds,Phone,Technology,1132,181,1
2051,2024-10-01 21:23:52.193494576,Liverpool,Laptop,Technology,973,192,2
2052,2024-10-02 12:00:36.030025016,London,Tablet,Technology,804,164,3
2053,2024-10-03 02:37:19.866555456,Liverpool,Chair,Furniture,84,17,1
2054,2024-10-03 17:14:03.703085904,Manchester,Laptop,Technology,494,92,4
2055,2024-10-04 07:50:47.539616344,Birmingham,Printer,Office Supplies,142,31,1
2056,2024-10-04 22:27:31.376146784,Manchester,Notebook,Office Supplies,1280,363,4
2057,2024-10-05 13:04:15.212677224,Birmingham,Chair,Furniture,402,69,2
2058,2024-10-06 03:40:59.049207672,Liverpool,Desk,Furniture,952,233,1
2059,2024-10-06 18:17:42.885738112,Leeds,Monitor,Technology,1405,391,5
2060,2024-10-07 08:54:26.722268552,Leeds,Laptop,Technology,911,174,2
2061,2024-10-07 23:31:10.558798992,Birmingham,Printer,Office Supplies,208,39,4
2062,2024-10-08 14:07:54.395329440,Leeds,Chair,Furniture,1006,221,2
2063,2024-10-09 04:44:38.231859880,Liverpool,Printer,Office Supplies,73,15,1
2064,2024-10-09 19:21:22.068390320,Leeds,Desk,Furniture,453,118,3
2065,2024-10-10 09:58:05.904920760,Liverpool,Tablet,Technology,854,166,3
2066,2024-10-11 00:34:49.741451208,Manchester,Printer,Office Supplies,565,169,4
2067,2024-10-11 15:11:33.577981648,Liverpool,Chair,Furniture,781,87,4
2068,2024-10-12 05:48:17.414512088,London,Printer,Office Supplies,1437,144,3
2069,2024-10-12 20:25:01.251042528,London,Printer,Office Supplies,1455,331,4
2070,2024-10-13 11:01:45.087572976,London,Printer,Office Supplies,581,92,2
2071,2024-10-14 01:38:28.924103416,Birmingham,Phone,Technology,1005,148,5
2072,2024-10-14 16:15:12.760633856,Birmingham,Phone,Technology,201,32,5
2073,2024-10-15 06:51:56.597164296,Birmingham,Tablet,Technology,996,150,2
2074,2024-10-15 21:28:40.433694744,Liverpool,Laptop,Technology,657,69,5
2075,2024-10-16 12:05:24.270225184,Birmingham,Printer,Office Supplies,469,138,1
2076,2024-10-17 02:42:08.106755624,Manchester,Desk,Furniture,1323,190,2
2077,2024-10-17 17:18:51.943286064,London,Laptop,Technology,1190,293,4
2078,2024-10-18 07:55:35.779816512,Liverpool,Desk,Furniture,915,231,2
2079,2024-10-18 22:32:19.616346952,London,Laptop,Technology,627,179,3
2080,2024-10-19 13:09:03.452877392,Birmingham,Tablet,Technology,384,40,4
2081,2024-10-20 03:45:47.289407832,Liverpool,Printer,Office Supplies,1491,409,3
2082,2024-10-20 18:22:31.125938280,Leeds,Printer,Office Supplies,981,201,4
2083,2024-10-21 08:59:14.962468720,Manchester,Monitor,Technology,344,77,5
2084,2024-10-21 23:35:58.798999160,Birmingham,Desk,Furniture,804,184,2
2085,2024-10-22 14:12:42.635529600,Birmingham,Laptop,Technology,1444,381,1
2086,2024-10-23 04:49:26.472060048,Manchester,Laptop,Technology,235,39,4
2087,2024-10-23 19:26:10.308590488,Manchester,Notebook,Office Supplies,1319,325,4
2088,2024-10-24 10:02:54.145120928,Leeds,Notebook,Office Supplies,686,141,3
2089,2024-10-25 00:39:37.981651376,Birmingham,Phone,Technology,1341,346,5
2090,2024-10-25 15:16:21.818181816,Birmingham,Monitor,Technology,1310,390,3
2091,2024-10-26 05:53:05.654712256,London,Chair,Furniture,579,81,3
2092,2024-10-26 20:29:49.491242696,Liverpool,Notebook,Office Supplies,70,20,5
2093,2024-10-27 11:06:33.327773144,Liverpool,Chair,Furniture,960,113,1
2094,2024-10-28 01:43:17.164303584,London,Phone,Technology,916,92,3
2095,2024-10-28 16:20:01.000834024,Liverpool,Phone,Technology,843,91,3
2096,2024-10-29 06:56:44.837364464,Manchester,Phone,Technology,149,25,4
2097,2024-10-29 21:33:28.673894912,Liverpool,Desk,Furniture,801,181,5
2098,2024-10-30 12:10:12.510425352,Liverpool,Desk,Furniture,527,59,2
2099,2024-10-31 02:46:56.346955792,London,Tablet,Technology,1371,138,1
2100,2024-10-31 17:23:40.183486232,Leeds,Tablet,Technology,989,284,1
2101,2024-11-01 08:00:24.020016680,Liverpool,Phone,Technology,575,152,5
2102,2024-11-01 22:37:07.856547120,Liverpool,Monitor,Technology,383,100,4
2103,2024-11-02 13:13:51.693077560,Leeds,Laptop,Technology,51,14,4
2104,2024-11-03 03:50:35.529608000,London,Desk,Furniture,424,101,5
2105,2024-11-03 18:27:19.366138448,Leeds,Monitor,Technology,342,41,4
2106,2024-11-04 09:04:03.202668888,London,Printer,Office Supplies,886,159,1
2107,2024-11-04 23:40:47.039199328,Manchester,Desk,Furniture,1054,257,1
2108,2024-11-05 14:17:30.875729768,London,Desk,Furniture,602,93,2
2109,2024-11-06 04:54:14.712260216,Manchester,Tablet,Technology,367,87,5
2110,2024-11-06 19:30:58.548790656,Manchester,Laptop,Technology,430,45,3
2111,2024-11-07 10:07:42.385321096,London,Laptop,Technology,63,10,3
2112,2024-11-08 00:44:26.221851536,Birmingham,Notebook,Office Supplies,553,116,2
2113,2024-11-08 15:21:10.058381984,London,Chair,Furniture,280,63,2
2114,2024-11-09 05:57:53.894912424,Liverpool,Chair,Furniture,1157,249,4
2115,2024-11-09 20:34:37.731442864,Liverpool,Chair,Furniture,179,42,2
2116,2024-11-10 11:11:21.567973304,Birmingham,Chair,Furniture,887,89,2
2117,2024-11-11 01:48:05.404503752,Manchester,Printer,Office Supplies,1218,146,3
2118,2024-11-11 16:24:49.241034192,Birmingham,Printer,Office Supplies,940,257,4
2119,2024-11-12 07:01:33.077564632,Liverpool,Desk,Furniture,77,18,2
2120,2024-11-12 21:38:16.914095072,Birmingham,Phone,Technology,115,14,2
2121,2024-11-13 12:15:00.750625520,London,Tablet,Technology,1236,331,4
2122,2024-11-14 02:51:44.587155960,Birmingham,Tablet,Technology,1302,193,5
2123,2024-11-14 17:28:28.423686400,Manchester,Chair,Furniture,310,60,4
2124,2024-11-15 08:05:12.260216840,London,Desk,Furniture,1497,193,3
2125,2024-11-15 22:41:56.096747288,Leeds,Notebook,Office Supplies,509,123,5
2126,2024-11-16 13:18:39.933277728,Liverpool,Monitor,Technology,350,81,1
2127,2024-11-17 03:55:23.769808168,Liverpool,Phone,Technology,968,137,4
2128,2024-11-17 18:32:07.606338608,Birmingham,Desk,Furniture,1376,375,3
2129,2024-11-18 09:08:51.442869056,London,Phone,Technology,336,60,5
2130,2024-11-18 23:45:35.279399496,Leeds,Phone,Technology,1468,232,4
2131,2024-11-19 14:22:19.115929936,London,Phone,Technology,1083,141,2
2132,2024-11-20 04:59:02.952460376,Liverpool,Desk,Furniture,679,104,4
2133,2024-11-20 19:35:46.788990824,London,Chair,Furniture,319,33,1
2134,2024-11-21 10:12:30.625521264,Leeds,Tablet,Technology,641,138,4
2135,2024-11-22 00:49:14.462051704,Birmingham,Tablet,Technology,893,239,5
2136,2024-11-22 15:25:58.298582144,Manchester,Chair,Furniture,911,191,5
2137,2024-11-23 06:02:42.135112592,London,Phone,Technology,1434,206,4
2138,2024-11-23 20:39:25.971643032,Manchester,Monitor,Technology,1330,141,5
2139,2024-11-24 11:16:09.808173472,Liverpool,Laptop,Technology,182,26,2
2140,2024-11-25 01:52:53.644703912,Birmingham,Desk,Furniture,1349,247,4
2141,2024-11-25 16:29:37.481234360,Birmingham,Laptop,Technology,1021,257,2
2142,2024-11-26 07:06:21.317764800,London,Notebook,Office Supplies,562,77,2
2143,2024-11-26 21:43:05.154295240,Birmingham,Chair,Furniture,362,88,3
2144,2024-11-27 12:19:48.990825680,London,Monitor,Technology,625,170,4
2145,2024-11-28 02:56:32.827356128,London,Desk,Furniture,935,178,5
2146,2024-11-28 17:33:16.663886568,Manchester,Chair,Furniture,1357,358,2
2147,2024-11-29 08:10:00.500417008,Birmingham,Phone,Technology,1194,251,3
2148,2024-11-29 22:46:44.336947448,London,Tablet,Technology,1180,268,4
2149,2024-11-30 13:23:28.173477896,Manchester,Laptop,Technology,736,151,4
2150,2024-12-01 04:00:12.010008336,Leeds,Printer,Office Supplies,1277,245,1
2151,2024-12-01 18:36:55.846538776,Manchester,Printer,Office Supplies,214,31,1
2152,2024-12-02 09:13:39.683069216,Manchester,Monitor,Technology,354,56,2
2153,2024-12-02 23:50:23.519599664,London,Phone,Technology,205,32,1
2154,2024-12-03 14:27:07.356130104,Liverpool,Notebook,Office Supplies,1440,306,2
2155,2024-12-04 05:03:51.192660544,Liverpool,Laptop,Technology,669,82,5
2156,2024-12-04 19:40:35.029190992,Liverpool,Phone,Technology,1324,375,2
2157,2024-12-05 10:17:18.865721432,Manchester,Laptop,Technology,1006,245,1
2158,2024-12-06 00:54:02.702251872,London,Monitor,Technology,383,69,5
2159,2024-12-06 15:30:46.538782312,Birmingham,Monitor,Technology,1018,134,1
2160,2024-12-07 06:07:30.375312760,Manchester,Notebook,Office Supplies,560,154,2
2161,2024-12-07 20:44:14.211843200,Manchester,Printer,Office Supplies,1366,361,3
2162,2024-12-08 11:20:58.048373640,London,Phone,Technology,1093,267,4
2163,2024-12-09 01:57:41.884904080,Leeds,Desk,Furniture,331,51,1
2164,2024-12-09 16:34:25.721434528,Manchester,Printer,Office Supplies,846,152,2
2165,2024-12-10 07:11:09.557964968,Leeds,Phone,Technology,1074,129,5
2166,2024-12-10 21:47:53.394495408,Leeds,Printer,Office Supplies,168,23,1
2167,2024-12-11 12:24:37.231025848,Liverpool,Desk,Furniture,1108,284,1
2168,2024-12-12 03:01:21.067556296,London,Tablet,Technology,247,60,4
2169,2024-12-12 17:38:04.904086736,Leeds,Tablet,Technology,534,116,2
2170,2024-12-13 08:14:48.740617176,London,Notebook,Office Supplies,1132,315,3
2171,2024-12-13 22:51:32.577147616,Liverpool,Tablet,Technology,886,191,5
2172,2024-12-14 13:28:16.413678064,London,Tablet,Technology,1234,238,2
2173,2024-12-15 04:05:00.250208504,Manchester,Chair,Furniture,1058,177,5
2174,2024-12-15 18:41:44.086738944,Leeds,Laptop,Technology,740,213,1
2175,2024-12-16 09:18:27.923269384,London,Chair,Furniture,1279,149,4
2176,2024-12-16 23:55:11.759799832,Birmingham,Chair,Furniture,1085,310,4
2177,2024-12-17 14:31:55.596330272,London,Notebook,Office Supplies,539,143,3
2178,2024-12-18 05:08:39.432860712,Leeds,Chair,Furniture,325,40,4
2179,2024-12-18 19:45:23.269391152,Liverpool,Tablet,Technology,742,158,1
2180,2024-12-19 10:22:07.105921600,Liverpool,Desk,Furniture,291,79,3
2181,2024-12-20 00:58:50.942452040,Leeds,Notebook,Office Supplies,1289,276,2
2182,2024-12-20 15:35:34.778982480,Manchester,Notebook,Office Supplies,1324,372,4
2183,2024-12-21 06:12:18.615512920,Manchester,Monitor,Technology,175,50,3
2184,2024-12-21 20:49:02.452043368,Liverpool,Notebook,Office Supplies,266,49,1
2185,2024-12-22 11:25:46.288573808,Liverpool,Monitor,Technology,1379,241,5
2186,2024-12-23 02:02:30.125104248,Leeds,Notebook,Office Supplies,1258,361,5
2187,2024-12-23 16:39:13.961634688,Manchester,Laptop,Technology,1112,261,1
2188,2024-12-24 07:15:57.798165136,Liverpool,Tablet,Technology,1296,159,1
2189,2024-12-24 21:52:41.634695576,Manchester,Notebook,Office Supplies,1257,136,5
2190,2024-12-25 12:29:25.471226016,Liverpool,Tablet,Technology,544,115,3
2191,2024-12-26 03:06:09.307756456,London,Tablet,Technology,476,136,5
2192,2024-12-26 17:42:53.144286904,Birmingham,Printer,Office Supplies,1251,336,1
2193,2024-12-27 08:19:36.980817344,London,Notebook,Office Supplies,968,227,4
2194,2024-12-27 22:56:20.817347784,Liverpool,Phone,Technology,1367,174,2
2195,2024-12-28 13:33:04.653878224,Birmingham,Printer,Office Supplies,200,30,4
2196,2024-12-29 04:09:48.490408672,Birmingham,Phone,Technology,433,119,4
2197,2024-12-29 18:46:32.326939112,Liverpool,Tablet,Technology,357,48,1
2198,2024-12-30 09:23:16.163469552,Liverpool,Tablet,Technology,1409,219,5
2199,2024-12-31 00:00:00.000000000,Manchester,Printer,Office Supplies,795,100,3
